freq,int_h2o,int_doh,int_d2o
6025.4000,0.0001,0.0000,0.0001
6030.0000,0.0004,0.0003,0.0002
6044.9333,0.0001,0.0001,0.0001
6082.1000,0.0001,0.0000,0.0000
6093.7500,0.0003,0.0003,0.0002
6116.7417,0.0001,0.0000,0.0000
6129.7583,0.0001,0.0001,0.0001
6132.8000,0.0001,0.0000,0.0000
6135.0000,0.0001,0.0001,0.0000
6140.0000,0.0020,0.0018,0.0013
6142.5917,0.0001,0.0000,0.0000
6155.3250,0.0001,0.0001,0.0000
6155.3333,0.0001,0.0001,0.0000
6164.7750,0.0003,0.0001,0.0002
6167.3167,0.0002,0.0001,0.0001
6175.0000,0.0005,0.0001,0.0004
6180.0000,0.0004,0.0002,0.0003
6187.4083,0.0000,0.0000,0.0000
6187.5667,0.0000,0.0000,0.0000
6200.0000,0.0030,0.0024,0.0009
6220.0000,0.0007,0.0003,0.0002
6225.0000,0.0002,0.0001,0.0002
6230.0000,0.0002,0.0002,0.0002
6230.6583,0.0013,0.0007,0.0004
6230.6750,0.0013,0.0007,0.0004
6240.2250,0.0001,0.0000,0.0000
6240.2417,0.0001,0.0000,0.0000
6245.0083,0.0001,0.0000,0.0000
6249.6417,0.0001,0.0000,0.0000
6250.7917,0.0000,0.0000,0.0000
6250.9417,0.0000,0.0000,0.0000
6275.0000,0.0001,0.0000,0.0001
6285.0000,0.0000,0.0000,0.0000
6289.0667,0.0001,0.0000,0.0000
6289.0750,0.0001,0.0000,0.0000
6290.0000,0.0001,0.0001,0.0000
6315.4167,0.0010,0.0004,0.0004
6320.0000,0.0006,0.0003,0.0003
6330.0000,0.0002,0.0001,0.0001
6332.6833,0.0001,0.0001,0.0001
6335.2250,0.0001,0.0001,0.0001
6337.9000,0.0001,0.0001,0.0001
6344.6667,0.0004,0.0002,0.0001
6347.6667,0.0001,0.0001,0.0001
6347.6750,0.0001,0.0001,0.0001
6349.8333,0.0001,0.0001,0.0001
6350.6167,0.0000,0.0000,0.0000
6356.7417,0.0002,0.0000,0.0000
6360.0000,0.0003,0.0001,0.0001
6363.9083,0.0018,0.0011,0.0005
6367.2083,0.0069,0.0045,0.0043
6370.2000,0.0003,0.0001,0.0000
6379.2333,0.0004,0.0002,0.0001
6380.0000,0.0009,0.0008,0.0006
6386.7250,0.0001,0.0001,0.0001
6394.6417,0.0002,0.0000,0.0000
6396.3500,0.0000,0.0000,0.0000
6399.4667,0.0004,0.0001,0.0000
6403.5083,0.0019,0.0003,0.0003
6405.0000,0.0001,0.0001,0.0001
6406.2583,0.0001,0.0001,0.0001
6417.9000,0.0001,0.0000,0.0000
6435.5583,0.0002,0.0001,0.0001
6441.7167,0.0002,0.0000,0.0000
6445.3167,0.0007,0.0005,0.0004
6451.0333,0.0003,0.0000,0.0000
6470.5833,0.0002,0.0001,0.0001
6475.0000,0.0003,0.0002,0.0002
6477.1000,0.0001,0.0000,0.0000
6480.0000,0.0017,0.0014,0.0012
6480.4917,0.0001,0.0000,0.0000
6484.3750,0.0001,0.0001,0.0001
6493.9750,0.0004,0.0001,0.0001
6494.5917,0.0004,0.0001,0.0001
6497.7917,0.0001,0.0000,0.0000
6500.0000,0.0018,0.0006,0.0013
6504.5583,0.0003,0.0002,0.0001
6506.2250,0.0001,0.0000,0.0000
6506.2667,0.0001,0.0000,0.0000
6506.9167,0.0004,0.0001,0.0001
6510.0000,0.0006,0.0004,0.0004
6510.4250,0.0011,0.0005,0.0004
6510.8500,0.0003,0.0000,0.0000
6520.0000,0.0031,0.0027,0.0022
6524.0167,0.0001,0.0001,0.0001
6528.0417,0.0004,0.0001,0.0000
6529.7167,0.0000,0.0000,0.0000
6540.0000,0.0023,0.0021,0.0016
6547.8750,0.0005,0.0002,0.0002
6550.0000,0.0015,0.0013,0.0005
6552.7250,0.0000,0.0000,0.0000
6552.7333,0.0000,0.0000,0.0000
6555.9167,0.0002,0.0000,0.0000
6564.2167,0.0003,0.0001,0.0001
6564.3333,0.0002,0.0001,0.0001
6570.0000,0.0006,0.0003,0.0002
6571.5167,0.0001,0.0000,0.0000
6580.0000,0.0026,0.0023,0.0018
6582.0250,0.0000,0.0000,0.0000
6582.0333,0.0000,0.0000,0.0000
6604.9750,0.0001,0.0001,0.0000
6620.0000,0.0024,0.0021,0.0016
6620.6167,0.0002,0.0001,0.0001
6620.6250,0.0002,0.0001,0.0001
6640.6250,0.0005,0.0004,0.0003
6645.0000,0.0001,0.0000,0.0000
6668.3500,0.0001,0.0000,0.0000
6675.0000,0.0018,0.0014,0.0012
6679.6667,0.0001,0.0000,0.0000
6679.6833,0.0001,0.0000,0.0000
6680.0000,0.0041,0.0034,0.0024
6700.0000,0.0039,0.0032,0.0028
6716.1667,0.0001,0.0000,0.0000
6716.1750,0.0001,0.0000,0.0000
6718.7500,0.0001,0.0001,0.0000
6725.0000,0.0006,0.0002,0.0002
6731.9583,0.0002,0.0001,0.0000
6735.0083,0.0003,0.0001,0.0000
6735.8667,0.0001,0.0000,0.0000
6738.7417,0.0003,0.0001,0.0001
6739.4750,0.0004,0.0001,0.0001
6743.6667,0.0005,0.0003,0.0001
6743.6750,0.0005,0.0003,0.0001
6748.8750,0.0007,0.0003,0.0003
6749.9917,0.0015,0.0012,0.0010
6760.0000,0.0028,0.0025,0.0021
6770.0000,0.0003,0.0003,0.0003
6771.6083,0.0003,0.0001,0.0000
6775.0000,0.0005,0.0000,0.0002
6780.0000,0.0027,0.0022,0.0018
6783.2167,0.0002,0.0000,0.0000
6783.2583,0.0001,0.0000,0.0000
6790.0000,0.0003,0.0002,0.0001
6798.0833,0.0002,0.0001,0.0000
6809.7500,0.0002,0.0001,0.0000
6810.0000,0.0002,0.0001,0.0001
6820.0000,0.0012,0.0006,0.0007
6823.6333,0.0007,0.0002,0.0001
6825.0000,0.0003,0.0002,0.0000
6830.0000,0.0002,0.0001,0.0001
6835.7167,0.0001,0.0000,0.0000
6835.7250,0.0001,0.0000,0.0000
6835.9333,0.0019,0.0015,0.0015
6840.0000,0.0006,0.0005,0.0005
6841.2667,0.0003,0.0000,0.0000
6842.9167,0.0002,0.0000,0.0000
6854.9417,0.0006,0.0003,0.0004
6858.5750,0.0001,0.0001,0.0000
6858.6417,0.0001,0.0000,0.0000
6860.0000,0.0008,0.0005,0.0005
6862.3417,0.0007,0.0001,0.0001
6865.0000,0.0001,0.0001,0.0001
6870.6667,0.0001,0.0000,0.0000
6870.6750,0.0001,0.0000,0.0000
6879.7750,0.0000,0.0000,0.0000
6880.0000,0.0014,0.0009,0.0010
6893.0167,0.0000,0.0000,0.0000
6893.0333,0.0000,0.0000,0.0000
6899.0333,0.0001,0.0001,0.0001
6899.7333,0.0001,0.0000,0.0001
6899.8167,0.0002,0.0001,0.0001
6899.8667,0.0002,0.0001,0.0001
6907.2083,0.0000,0.0000,0.0000
6909.7833,0.0003,0.0001,0.0001
6910.2917,0.0001,0.0001,0.0000
6919.1167,0.0001,0.0001,0.0000
6919.1250,0.0001,0.0001,0.0000
6919.2417,0.0001,0.0000,0.0000
6920.0000,0.0023,0.0016,0.0017
6938.3250,0.0001,0.0000,0.0000
6938.3500,0.0001,0.0000,0.0000
6940.0000,0.0015,0.0008,0.0010
6943.2583,0.0002,0.0000,0.0000
6945.0250,0.0000,0.0000,0.0000
6946.1750,0.0009,0.0001,0.0001
6947.3583,0.0003,0.0000,0.0000
6950.0000,0.0041,0.0026,0.0037
6953.1250,0.0001,0.0001,0.0000
6957.5583,0.0003,0.0000,0.0000
6960.0000,0.0015,0.0008,0.0009
6969.6167,0.0004,0.0002,0.0002
6971.4667,0.0001,0.0000,0.0000
6971.4833,0.0001,0.0000,0.0000
6976.1167,0.0005,0.0001,0.0000
6976.1250,0.0005,0.0001,0.0000
6976.4167,0.0006,0.0003,0.0000
6980.0000,0.0010,0.0006,0.0008
6990.0083,0.0002,0.0001,0.0001
7000.0000,0.0015,0.0010,0.0007
7010.0000,0.0002,0.0001,0.0001
7011.4167,0.0004,0.0001,0.0001
7012.2000,0.0002,0.0001,0.0001
7013.9083,0.0002,0.0001,0.0000
7014.6250,0.0003,0.0001,0.0001
7020.0083,0.0007,0.0003,0.0003
7020.8917,0.0002,0.0001,0.0001
7025.1333,0.0001,0.0000,0.0000
7030.0000,0.0003,0.0002,0.0003
7031.2500,0.0016,0.0010,0.0011
7045.6667,0.0002,0.0001,0.0001
7045.6750,0.0002,0.0001,0.0001
7060.0000,0.0005,0.0002,0.0003
7070.0000,0.0002,0.0001,0.0001
7073.7750,0.0002,0.0000,0.0000
7075.0000,0.0002,0.0002,0.0002
7080.0000,0.0006,0.0003,0.0004
7090.0000,0.0002,0.0001,0.0002
7090.8667,0.0002,0.0000,0.0000
7091.6167,0.0001,0.0000,0.0000
7094.9917,0.0001,0.0001,0.0001
7095.6167,0.0006,0.0001,0.0001
7095.6250,0.0006,0.0001,0.0001
7097.3000,0.0011,0.0003,0.0003
7105.3833,0.0004,0.0000,0.0000
7109.3750,0.0002,0.0001,0.0002
7110.0000,0.0003,0.0001,0.0002
7120.0000,0.0013,0.0005,0.0008
7122.5750,0.0005,0.0001,0.0001
7126.3250,0.0002,0.0001,0.0001
7126.3417,0.0002,0.0001,0.0001
7130.0000,0.0002,0.0001,0.0002
7135.0083,0.0001,0.0000,0.0000
7135.0333,0.0001,0.0000,0.0000
7140.0000,0.0013,0.0006,0.0009
7145.6333,0.0001,0.0001,0.0001
7156.7417,0.0000,0.0000,0.0000
7160.0000,0.0015,0.0007,0.0010
7160.1667,0.0001,0.0000,0.0000
7160.1750,0.0001,0.0000,0.0000
7163.2917,0.0002,0.0000,0.0000
7165.0000,0.0001,0.0000,0.0000
7165.0333,0.0000,0.0000,0.0000
7169.5167,0.0001,0.0000,0.0000
7175.0000,0.0004,0.0001,0.0002
7177.7250,0.0000,0.0000,0.0000
7180.0000,0.0022,0.0010,0.0014
7187.2667,0.0001,0.0000,0.0000
7187.3167,0.0001,0.0000,0.0000
7188.0083,0.0080,0.0031,0.0026
7190.0000,0.0003,0.0001,0.0001
7198.7833,0.0021,0.0006,0.0005
7200.0000,0.0024,0.0010,0.0023
7205.0083,0.0001,0.0000,0.0001
7210.2833,0.0018,0.0004,0.0003
7211.8500,0.0001,0.0000,0.0000
7220.0000,0.0023,0.0010,0.0016
7221.0250,0.0001,0.0000,0.0000
7221.0333,0.0001,0.0000,0.0000
7225.0000,0.0004,0.0003,0.0000
7226.5583,0.0003,0.0002,0.0003
7240.0000,0.0023,0.0009,0.0017
7245.0083,0.0001,0.0001,0.0000
7255.0000,0.0001,0.0000,0.0000
7260.0000,0.0027,0.0009,0.0018
7265.0083,0.0001,0.0000,0.0000
7265.6250,0.0001,0.0000,0.0001
7269.0083,0.0139,0.0080,0.0067
7270.0000,0.0003,0.0002,0.0002
7275.0000,0.0008,0.0002,0.0002
7280.0000,0.0029,0.0011,0.0021
7294.9583,0.0000,0.0000,0.0000
7299.7917,0.0000,0.0000,0.0000
7300.0000,0.0027,0.0013,0.0012
7305.0000,0.0001,0.0000,0.0000
7310.0000,0.0004,0.0001,0.0002
7311.8583,0.0002,0.0000,0.0000
7311.8833,0.0001,0.0000,0.0000
7319.1333,0.0000,0.0000,0.0000
7319.7083,0.0001,0.0000,0.0000
7319.7250,0.0001,0.0000,0.0000
7320.0000,0.0021,0.0007,0.0017
7320.3500,0.0001,0.0000,0.0000
7320.7667,0.0001,0.0000,0.0000
7328.9250,0.0005,0.0001,0.0001
7330.0000,0.0003,0.0000,0.0003
7340.0000,0.0025,0.0008,0.0019
7342.4083,0.0003,0.0002,0.0003
7349.5583,0.0001,0.0001,0.0001
7360.0000,0.0026,0.0007,0.0018
7361.7583,0.0013,0.0007,0.0007
7372.1917,0.0004,0.0002,0.0001
7373.2750,0.0103,0.0048,0.0048
7376.3417,0.0003,0.0002,0.0000
7380.0000,0.0022,0.0006,0.0016
7380.1250,0.0001,0.0000,0.0000
7390.0000,0.0003,0.0001,0.0003
7400.0000,0.0024,0.0011,0.0012
7402.8750,0.0001,0.0000,0.0000
7405.5250,0.0001,0.0000,0.0000
7410.0000,0.0004,0.0001,0.0003
7412.7917,0.0008,0.0003,0.0001
7420.0000,0.0015,0.0004,0.0013
7421.8750,0.0003,0.0001,0.0003
7422.1417,0.0003,0.0002,0.0002
7422.1833,0.0004,0.0002,0.0002
7425.0000,0.0003,0.0001,0.0001
7425.3333,0.0001,0.0001,0.0001
7429.9083,0.0001,0.0000,0.0000
7431.1917,0.0001,0.0001,0.0000
7432.5583,0.0018,0.0014,0.0013
7440.0000,0.0015,0.0003,0.0011
7450.9833,0.0003,0.0001,0.0001
7454.8500,0.0009,0.0001,0.0001
7458.3667,0.0002,0.0001,0.0000
7458.3750,0.0002,0.0001,0.0000
7460.0000,0.0011,0.0002,0.0010
7462.7500,0.0001,0.0000,0.0000
7469.9417,0.0001,0.0001,0.0001
7470.0000,0.0002,0.0001,0.0001
7472.8833,0.0002,0.0001,0.0001
7477.0167,0.0002,0.0001,0.0001
7480.0000,0.0010,0.0002,0.0008
7489.2167,0.0002,0.0001,0.0000
7489.2917,0.0002,0.0000,0.0000
7489.6083,0.2821,0.0996,0.0665
7489.8083,0.0002,0.0001,0.0000
7489.9083,0.0001,0.0000,0.0000
7490.0000,0.0002,0.0000,0.0001
7494.2667,0.0002,0.0001,0.0001
7495.6000,0.0002,0.0000,0.0000
7500.3667,0.0004,0.0002,0.0001
7500.3750,0.0004,0.0002,0.0001
7500.5167,0.0002,0.0001,0.0001
7500.7500,0.0012,0.0009,0.0007
7508.8250,0.0004,0.0001,0.0001
7514.6750,0.0135,0.0101,0.0088
7519.6500,0.0003,0.0001,0.0000
7520.0000,0.0011,0.0001,0.0008
7532.5917,0.0007,0.0004,0.0000
7533.0000,0.0026,0.0022,0.0018
7533.7333,0.0002,0.0000,0.0000
7535.3250,0.0010,0.0002,0.0002
7535.3333,0.0010,0.0002,0.0002
7535.4917,0.0003,0.0001,0.0001
7537.9417,0.0003,0.0000,0.0000
7540.0000,0.0012,0.0001,0.0009
7550.9750,0.0017,0.0004,0.0005
7559.0167,0.0001,0.0001,0.0001
7559.0417,0.0002,0.0001,0.0001
7560.0000,0.0016,0.0002,0.0013
7560.3583,0.0005,0.0001,0.0001
7567.8667,0.0003,0.0001,0.0001
7572.0167,0.0001,0.0000,0.0000
7572.2917,0.3238,0.1273,0.1975
7572.4917,0.0002,0.0001,0.0001
7572.5500,0.0002,0.0000,0.0001
7572.6500,0.0001,0.0000,0.0000
7573.0833,0.0274,0.0051,0.0052
7573.2750,0.0004,0.0000,0.0000
7574.8917,0.0124,0.0068,0.0072
7575.0583,0.0002,0.0001,0.0001
7575.3500,0.0000,0.0000,0.0000
7575.5250,0.0000,0.0000,0.0000
7575.5333,0.0000,0.0000,0.0000
7575.9750,0.0018,0.0012,0.0012
7579.2667,0.0012,0.0001,0.0001
7580.0000,0.0017,0.0001,0.0013
7580.4750,0.0008,0.0002,0.0002
7581.2583,0.0001,0.0000,0.0000
7590.4750,0.0003,0.0001,0.0001
7591.6000,0.0001,0.0000,0.0000
7591.6833,0.0001,0.0000,0.0000
7592.2667,0.0004,0.0001,0.0000
7592.2750,0.0004,0.0001,0.0000
7594.7083,0.0004,0.0002,0.0001
7595.0417,0.0001,0.0000,0.0000
7600.0000,0.0015,0.0001,0.0007
7602.0083,0.0000,0.0000,0.0000
7607.1667,0.0001,0.0000,0.0000
7607.2167,0.0002,0.0000,0.0000
7607.2417,0.0002,0.0000,0.0000
7607.3667,0.0002,0.0000,0.0000
7610.4000,0.0001,0.0000,0.0000
7610.4417,0.0001,0.0000,0.0000
7613.4250,0.0002,0.0001,0.0000
7616.0083,0.0004,0.0001,0.0001
7619.2083,0.0001,0.0000,0.0000
7620.0000,0.0020,0.0001,0.0016
7621.8000,0.0001,0.0001,0.0000
7629.2250,0.0010,0.0002,0.0001
7630.4250,0.0008,0.0004,0.0003
7636.7167,0.0002,0.0001,0.0001
7640.0000,0.0017,0.0001,0.0014
7648.5250,0.0003,0.0000,0.0000
7648.5500,0.0004,0.0000,0.0000
7650.0000,0.0020,0.0001,0.0013
7657.5083,0.2888,0.0425,0.0668
7657.7167,0.0002,0.0000,0.0000
7660.0000,0.0015,0.0001,0.0012
7664.9833,0.0003,0.0001,0.0001
7666.9167,0.0006,0.0001,0.0000
7668.8000,0.0002,0.0000,0.0000
7669.6417,0.0002,0.0001,0.0000
7670.8250,0.0003,0.0002,0.0001
7670.8333,0.0003,0.0002,0.0001
7675.0000,0.0004,0.0000,0.0001
7676.7667,0.0001,0.0000,0.0001
7676.8000,0.0001,0.0000,0.0000
7680.0000,0.0016,0.0002,0.0013
7685.5500,0.0001,0.0000,0.0000
7695.5833,0.0005,0.0000,0.0000
7696.6167,0.0001,0.0000,0.0000
7696.6250,0.0001,0.0000,0.0000
7700.0000,0.0020,0.0004,0.0012
7720.0000,0.0015,0.0002,0.0011
7740.0000,0.0013,0.0003,0.0011
7755.6583,0.0017,0.0006,0.0008
7760.0000,0.0012,0.0002,0.0009
7764.7167,0.0002,0.0001,0.0001
7764.9917,0.0000,0.0000,0.0000
7766.3500,0.0004,0.0001,0.0001
7768.7833,0.0002,0.0000,0.0000
7770.0083,0.0001,0.0000,0.0001
7775.0000,0.0005,0.0001,0.0002
7780.0000,0.0010,0.0002,0.0009
7790.0000,0.0001,0.0000,0.0001
7798.5500,0.0004,0.0002,0.0001
7800.0000,0.0011,0.0001,0.0010
7810.0000,0.0001,0.0000,0.0001
7820.0000,0.0007,0.0002,0.0006
7822.2250,0.0001,0.0000,0.0000
7830.0000,0.0001,0.0000,0.0001
7834.2500,0.0024,0.0006,0.0005
7840.0000,0.0007,0.0002,0.0005
7848.7917,0.0002,0.0000,0.0000
7860.0000,0.0007,0.0002,0.0006
7868.4417,0.0000,0.0000,0.0000
7874.3250,0.0003,0.0001,0.0000
7874.3667,0.0002,0.0000,0.0000
7874.9917,0.0007,0.0006,0.0003
7880.0000,0.0008,0.0003,0.0006
7890.0000,0.0001,0.0001,0.0001
7900.0000,0.0006,0.0004,0.0002
7905.0000,0.0001,0.0000,0.0000
7910.0000,0.0002,0.0000,0.0002
7914.1250,0.0013,0.0006,0.0005
7920.0000,0.0006,0.0003,0.0005
7925.0000,0.0003,0.0001,0.0001
7930.0000,0.0001,0.0000,0.0001
7940.0000,0.0008,0.0003,0.0005
7947.2083,0.0003,0.0001,0.0001
7948.1417,0.0001,0.0000,0.0000
7950.0000,0.0005,0.0003,0.0002
7954.1667,0.0004,0.0002,0.0001
7954.1750,0.0004,0.0002,0.0001
7955.3417,0.0004,0.0001,0.0000
7960.0000,0.0007,0.0003,0.0005
7965.1333,0.0001,0.0000,0.0000
7967.4917,0.0026,0.0020,0.0016
7971.4167,0.0005,0.0000,0.0000
7974.4083,0.0005,0.0000,0.0000
7975.0000,0.0001,0.0001,0.0001
7975.1667,0.0006,0.0001,0.0001
7975.1750,0.0006,0.0001,0.0001
7980.0000,0.0007,0.0003,0.0007
7985.0000,0.0001,0.0001,0.0001
7988.3000,0.0006,0.0001,0.0001
8000.0000,0.0007,0.0005,0.0005
8005.0000,0.0002,0.0001,0.0002
8007.8083,0.0001,0.0001,0.0001
8010.0000,0.0002,0.0001,0.0001
8020.0000,0.0007,0.0003,0.0006
8026.8917,0.0002,0.0000,0.0000
8033.1167,0.0001,0.0000,0.0000
8033.1250,0.0001,0.0000,0.0000
8034.9750,0.0004,0.0000,0.0001
8040.0000,0.0010,0.0004,0.0007
8045.0000,0.0002,0.0001,0.0001
8050.0000,0.0018,0.0007,0.0008
8060.0000,0.0010,0.0006,0.0009
8065.0000,0.0001,0.0001,0.0001
8068.4667,0.0002,0.0001,0.0001
8068.4833,0.0003,0.0001,0.0001
8070.0000,0.0003,0.0001,0.0002
8080.0000,0.0011,0.0007,0.0009
8080.3917,0.0002,0.0001,0.0001
8084.2083,0.0005,0.0000,0.0000
8085.0000,0.0001,0.0001,0.0001
8090.0000,0.0002,0.0000,0.0002
8091.7583,0.0001,0.0000,0.0000
8093.6917,0.0001,0.0000,0.0000
8093.8167,0.0000,0.0000,0.0000
8099.8583,0.0004,0.0001,0.0000
8104.9917,0.0001,0.0000,0.0000
8105.4583,0.0000,0.0000,0.0000
8110.0000,0.0002,0.0000,0.0002
8110.3250,0.0003,0.0002,0.0000
8112.1667,0.0007,0.0002,0.0001
8112.1750,0.0007,0.0002,0.0001
8114.3750,0.0003,0.0001,0.0000
8114.7083,0.0001,0.0000,0.0000
8116.6167,0.0001,0.0000,0.0000
8120.0000,0.0012,0.0008,0.0010
8125.0000,0.0013,0.0005,0.0007
8130.0250,0.0002,0.0000,0.0002
8135.3917,0.0036,0.0024,0.0010
8136.9500,0.0002,0.0001,0.0001
8140.0000,0.0012,0.0009,0.0009
8144.9917,0.0001,0.0000,0.0000
8160.0000,0.0011,0.0009,0.0010
8165.0167,0.0000,0.0000,0.0000
8166.6083,0.0001,0.0000,0.0001
8166.6250,0.0001,0.0001,0.0001
8167.6333,0.0002,0.0000,0.0000
8170.0000,0.0002,0.0001,0.0002
8174.8667,0.0004,0.0001,0.0001
8175.5083,0.0001,0.0000,0.0000
8177.2333,0.0003,0.0001,0.0001
8178.8750,0.0003,0.0001,0.0001
8180.0000,0.0012,0.0009,0.0009
8184.9917,0.0000,0.0000,0.0000
8187.8000,0.0001,0.0000,0.0000
8189.6583,0.0002,0.0000,0.0000
8189.8083,0.0004,0.0000,0.0000
8190.0000,0.0002,0.0000,0.0002
8193.7667,0.0001,0.0001,0.0000
8199.6500,0.0005,0.0000,0.0000
8200.0000,0.0017,0.0008,0.0012
8203.1250,0.0001,0.0001,0.0001
8206.5667,0.0001,0.0000,0.0001
8210.0000,0.0002,0.0001,0.0001
8211.4417,0.0003,0.0002,0.0002
8219.4833,0.0090,0.0022,0.0021
8220.0000,0.0009,0.0007,0.0007
8225.0000,0.0002,0.0002,0.0002
8230.0000,0.0002,0.0001,0.0002
8233.0500,0.0002,0.0000,0.0000
8238.8000,0.0004,0.0000,0.0000
8240.0000,0.0009,0.0006,0.0006
8244.5500,0.0003,0.0001,0.0000
8245.9583,0.0004,0.0001,0.0001
8246.5417,0.0004,0.0002,0.0001
8250.0000,0.0008,0.0004,0.0007
8260.0000,0.0009,0.0006,0.0007
8275.0000,0.0003,0.0001,0.0001
8280.0000,0.0009,0.0007,0.0008
8285.0083,0.0001,0.0001,0.0001
8290.0000,0.0002,0.0001,0.0001
8297.9667,0.0001,0.0000,0.0000
8297.9750,0.0001,0.0000,0.0000
8300.0000,0.0020,0.0009,0.0020
8305.0000,0.0001,0.0001,0.0001
8310.7083,0.0006,0.0001,0.0001
8313.0917,0.0001,0.0000,0.0000
8313.1250,0.0001,0.0000,0.0000
8320.0000,0.0014,0.0010,0.0009
8325.0000,0.0003,0.0002,0.0001
8327.4583,0.0003,0.0001,0.0000
8327.5833,0.0002,0.0001,0.0000
8330.0000,0.0002,0.0002,0.0002
8340.0000,0.0014,0.0011,0.0010
8350.0000,0.0017,0.0011,0.0006
8355.9917,0.0002,0.0001,0.0000
8359.3833,0.0001,0.0001,0.0001
8360.0000,0.0013,0.0012,0.0010
8375.0000,0.0002,0.0001,0.0001
8400.0000,0.0020,0.0006,0.0015
8420.0000,0.0011,0.0009,0.0008
8429.5167,0.0002,0.0001,0.0001
8430.0000,0.0002,0.0002,0.0001
8430.1750,0.0001,0.0000,0.0000
8432.3917,0.0005,0.0002,0.0002
8433.2833,0.0002,0.0001,0.0001
8433.5250,0.0001,0.0000,0.0000
8439.2250,0.0035,0.0015,0.0014
8439.5167,0.0002,0.0000,0.0001
8439.5250,0.0002,0.0000,0.0001
8445.0000,0.0001,0.0001,0.0000
8450.0000,0.0014,0.0012,0.0005
8461.6083,0.0006,0.0001,0.0001
8465.0083,0.0001,0.0000,0.0000
8479.3667,0.0231,0.0046,0.0064
8479.3750,0.0231,0.0046,0.0064
8484.9833,0.0000,0.0000,0.0000
8496.1167,0.0000,0.0000,0.0000
8515.6250,0.0001,0.0001,0.0001
8523.2000,0.0001,0.0000,0.0000
8540.4167,0.0003,0.0000,0.0000
8568.0583,0.0001,0.0000,0.0000
8568.8583,0.0002,0.0001,0.0000
8575.0000,0.0002,0.0001,0.0001
8604.1083,0.0160,0.0065,0.0044
8611.0917,0.0000,0.0000,0.0000
8612.0417,0.0000,0.0000,0.0000
8624.9917,0.0004,0.0003,0.0004
8633.4583,0.0017,0.0003,0.0003
8635.3167,0.0013,0.0004,0.0003
8642.5083,0.0001,0.0000,0.0000
8648.7083,0.0003,0.0003,0.0001
8651.7250,0.0002,0.0000,0.0000
8651.7417,0.0003,0.0000,0.0000
8652.6667,0.0022,0.0012,0.0009
8652.6750,0.0022,0.0012,0.0009
8653.4583,0.0002,0.0001,0.0001
8654.6250,0.0000,0.0000,0.0000
8656.1167,0.0001,0.0000,0.0000
8657.0167,0.0002,0.0001,0.0001
8657.6083,0.0000,0.0000,0.0000
8657.7667,0.0002,0.0000,0.0000
8661.6083,0.0002,0.0002,0.0001
8662.3583,0.0003,0.0001,0.0000
8662.5000,0.0002,0.0001,0.0000
8662.5833,0.0001,0.0001,0.0001
8665.0000,0.0001,0.0001,0.0000
8665.3583,0.0001,0.0001,0.0001
8666.2500,0.0001,0.0001,0.0000
8668.0583,0.0001,0.0000,0.0000
8669.1500,0.0066,0.0036,0.0025
8671.9667,0.0002,0.0001,0.0001
8675.0000,0.0001,0.0001,0.0001
8682.8167,0.0003,0.0002,0.0001
8685.0000,0.0001,0.0000,0.0000
8686.8250,0.0001,0.0000,0.0000
8686.8500,0.0001,0.0000,0.0000
8688.6250,0.0002,0.0001,0.0000
8688.6417,0.0002,0.0001,0.0000
8691.3167,0.0001,0.0000,0.0000
8700.7833,0.0018,0.0008,0.0005
8702.0583,0.0003,0.0001,0.0001
8702.0750,0.0003,0.0001,0.0001
8705.8667,0.0286,0.0054,0.0034
8705.8750,0.0290,0.0054,0.0034
8714.7083,0.0266,0.0096,0.0056
8717.7917,0.0102,0.0030,0.0019
8719.8000,0.0026,0.0004,0.0001
8719.9917,0.0010,0.0008,0.0005
8722.5083,0.0008,0.0004,0.0003
8725.1000,0.0009,0.0004,0.0002
8725.2000,0.0009,0.0003,0.0001
8735.5667,0.0003,0.0000,0.0000
8735.5833,0.0002,0.0000,0.0000
8742.8667,0.0003,0.0000,0.0000
8745.2333,0.0001,0.0001,0.0001
8746.3417,0.0000,0.0000,0.0000
8748.7000,0.0000,0.0000,0.0000
8762.5583,0.0006,0.0001,0.0000
8762.5750,0.0006,0.0001,0.0000
8767.3667,0.0001,0.0000,0.0001
8767.3750,0.0001,0.0000,0.0001
8767.4333,0.0001,0.0000,0.0001
8784.7250,0.0011,0.0001,0.0002
8787.2250,0.0002,0.0000,0.0000
8787.2333,0.0002,0.0000,0.0000
8791.0583,0.0001,0.0000,0.0000
8791.0750,0.0001,0.0000,0.0000
8801.7667,0.0001,0.0000,0.0001
8801.7750,0.0001,0.0000,0.0001
8840.4917,0.0001,0.0001,0.0000
8850.0000,0.0006,0.0002,0.0003
8875.0000,0.0028,0.0021,0.0025
8881.2417,0.0008,0.0003,0.0002
8881.2750,0.0008,0.0003,0.0002
8881.3333,0.0011,0.0003,0.0002
8885.0000,0.0002,0.0001,0.0001
8886.2583,0.0002,0.0000,0.0000
8892.9417,0.0003,0.0001,0.0001
8893.0583,0.0002,0.0001,0.0000
8895.1167,0.0001,0.0000,0.0000
8895.1333,0.0001,0.0000,0.0000
8908.7250,0.0003,0.0001,0.0001
8908.7333,0.0003,0.0001,0.0001
8908.8417,0.0003,0.0001,0.0000
8930.3167,0.0001,0.0000,0.0000
8930.9667,0.0015,0.0005,0.0002
8950.0000,0.0009,0.0006,0.0005
8950.5500,0.0004,0.0001,0.0000
8970.0000,0.0003,0.0002,0.0002
8974.3250,0.0003,0.0001,0.0000
8974.3333,0.0003,0.0001,0.0000
8974.9917,0.0001,0.0000,0.0000
8977.2750,0.0002,0.0001,0.0000
8979.8000,0.0001,0.0000,0.0000
8980.1833,0.0004,0.0000,0.0000
8982.4583,0.0003,0.0000,0.0000
8990.0000,0.0004,0.0001,0.0001
8993.6417,0.0026,0.0011,0.0005
8993.7583,0.0004,0.0001,0.0001
9000.8000,0.0037,0.0002,0.0004
9004.3750,0.0245,0.0049,0.0025
9010.0000,0.0003,0.0001,0.0002
9012.1083,0.0001,0.0000,0.0000
9030.0000,0.0003,0.0001,0.0002
9050.0000,0.0010,0.0005,0.0001
9055.5917,0.0002,0.0001,0.0001
9055.9250,0.0004,0.0001,0.0001
9055.9333,0.0004,0.0001,0.0001
9060.0000,0.0007,0.0006,0.0004
9060.6750,0.0005,0.0002,0.0002
9060.7833,0.0005,0.0002,0.0001
9065.0333,0.0000,0.0000,0.0000
9070.0000,0.0004,0.0001,0.0003
9075.0000,0.0001,0.0001,0.0001
9076.1333,0.0002,0.0001,0.0001
9077.3250,0.0002,0.0001,0.0001
9086.1083,0.0001,0.0000,0.0000
9086.1333,0.0001,0.0000,0.0000
9090.0000,0.0003,0.0002,0.0002
9091.3833,0.0040,0.0015,0.0013
9091.4667,0.0017,0.0012,0.0006
9091.4833,0.0018,0.0012,0.0006
9097.1167,0.0004,0.0001,0.0001
9097.1333,0.0004,0.0001,0.0001
9097.2167,0.0001,0.0001,0.0001
9110.0000,0.0005,0.0002,0.0002
9112.5083,0.0132,0.0063,0.0039
9114.5750,0.0005,0.0005,0.0002
9120.0000,0.0010,0.0008,0.0005
9125.0000,0.0003,0.0002,0.0002
9127.7833,0.0022,0.0002,0.0003
9130.0000,0.0004,0.0001,0.0002
9136.7000,0.0001,0.0000,0.0000
9139.4417,0.0001,0.0000,0.0000
9140.0000,0.0010,0.0009,0.0005
9150.0000,0.0007,0.0005,0.0006
9170.0000,0.0004,0.0001,0.0001
9187.2083,0.0001,0.0000,0.0000
9190.0000,0.0003,0.0001,0.0002
9205.9417,0.0006,0.0001,0.0001
9210.0000,0.0002,0.0001,0.0001
9220.0000,0.0007,0.0006,0.0004
9225.5417,0.0001,0.0000,0.0000
9230.0000,0.0003,0.0001,0.0001
9244.6417,0.0004,0.0002,0.0001
9245.0000,0.0001,0.0001,0.0000
9246.7917,0.0008,0.0005,0.0003
9260.0000,0.0006,0.0004,0.0003
9264.9917,0.0001,0.0001,0.0000
9270.0000,0.0002,0.0001,0.0001
9275.0000,0.0002,0.0000,0.0001
9277.2250,0.0004,0.0001,0.0001
9284.9917,0.0001,0.0001,0.0000
9285.4750,0.0013,0.0001,0.0001
9289.7833,0.0001,0.0000,0.0000
9290.0000,0.0002,0.0001,0.0001
9310.0000,0.0001,0.0001,0.0001
9320.0000,0.0003,0.0002,0.0001
9321.2917,0.0002,0.0000,0.0000
9324.2000,0.0008,0.0002,0.0002
9326.0500,0.0001,0.0000,0.0000
9327.0750,0.0001,0.0001,0.0000
9330.0000,0.0002,0.0001,0.0001
9331.0167,0.0005,0.0001,0.0001
9340.0000,0.0003,0.0002,0.0002
9350.0000,0.0003,0.0003,0.0001
9355.6583,0.0023,0.0014,0.0005
9355.6833,0.0023,0.0014,0.0005
9366.7667,0.0003,0.0000,0.0000
9366.7917,0.0003,0.0000,0.0000
9374.6917,0.0000,0.0000,0.0000
9418.2667,0.0002,0.0000,0.0000
9420.0000,0.0003,0.0002,0.0002
9420.2667,0.0002,0.0001,0.0001
9420.9167,0.0003,0.0001,0.0000
9426.9667,0.0001,0.0000,0.0000
9426.9833,0.0001,0.0000,0.0000
9430.0000,0.0003,0.0000,0.0001
9440.0000,0.0003,0.0001,0.0002
9450.0000,0.0006,0.0004,0.0004
9457.6750,0.0001,0.0000,0.0000
9460.0000,0.0003,0.0001,0.0001
9460.2167,0.0002,0.0000,0.0000
9469.6667,0.0148,0.0069,0.0050
9470.0000,0.0004,0.0002,0.0002
9472.2250,0.0002,0.0000,0.0000
9475.0000,0.0002,0.0001,0.0001
9475.7750,0.0006,0.0003,0.0002
9479.0333,0.0002,0.0001,0.0001
9479.1500,0.0002,0.0001,0.0001
9480.0000,0.0003,0.0002,0.0002
9484.7667,0.0001,0.0000,0.0000
9484.7750,0.0001,0.0000,0.0000
9488.8667,0.0025,0.0014,0.0001
9488.9167,0.0029,0.0018,0.0001
9488.9583,0.0024,0.0013,0.0002
9490.0000,0.0005,0.0004,0.0002
9495.2000,0.0004,0.0002,0.0001
9495.2833,0.0003,0.0002,0.0001
9497.2000,0.0001,0.0001,0.0001
9504.2333,0.0006,0.0003,0.0001
9504.3083,0.0005,0.0002,0.0001
9510.0000,0.0005,0.0004,0.0002
9513.8167,0.0001,0.0000,0.0000
9513.8333,0.0001,0.0000,0.0000
9520.0000,0.0003,0.0002,0.0001
9521.4833,0.0001,0.0000,0.0000
9530.0000,0.0005,0.0004,0.0003
9536.1250,0.0001,0.0000,0.0000
9536.1333,0.0001,0.0000,0.0000
9538.1250,0.0001,0.0001,0.0000
9538.1333,0.0001,0.0001,0.0000
9540.0000,0.0003,0.0002,0.0002
9545.0000,0.0001,0.0001,0.0001
9550.0000,0.0012,0.0008,0.0006
9560.0000,0.0003,0.0002,0.0001
9565.0000,0.0002,0.0002,0.0001
9565.4583,0.0004,0.0002,0.0002
9570.0000,0.0006,0.0004,0.0003
9570.3250,0.0005,0.0003,0.0002
9570.4333,0.0002,0.0000,0.0000
9575.2667,0.0002,0.0001,0.0001
9575.2750,0.0002,0.0001,0.0001
9580.0000,0.0003,0.0001,0.0001
9585.0000,0.0002,0.0001,0.0001
9590.0000,0.0007,0.0005,0.0003
9595.0000,0.0001,0.0001,0.0001
9600.0000,0.0016,0.0008,0.0006
9605.0000,0.0001,0.0001,0.0001
9610.0000,0.0008,0.0004,0.0003
9620.0000,0.0003,0.0001,0.0001
9626.8917,0.0001,0.0001,0.0001
9629.5583,0.0160,0.0076,0.0055
9630.0000,0.0006,0.0004,0.0003
9635.4000,0.0020,0.0013,0.0002
9635.4333,0.0021,0.0011,0.0001
9640.0000,0.0002,0.0001,0.0001
9645.0000,0.0002,0.0002,0.0001
9650.0000,0.0008,0.0007,0.0003
9653.2250,0.0001,0.0001,0.0000
9653.2417,0.0001,0.0001,0.0000
9655.0000,0.0001,0.0001,0.0000
9660.0000,0.0002,0.0001,0.0000
9665.0000,0.0001,0.0001,0.0000
9670.0000,0.0005,0.0003,0.0002
9689.2167,0.0003,0.0001,0.0000
9689.3167,0.0002,0.0001,0.0001
9689.3333,0.0002,0.0001,0.0001
9705.0000,0.0002,0.0001,0.0000
9710.0000,0.0006,0.0003,0.0003
9716.8167,0.0001,0.0000,0.0000
9720.0000,0.0004,0.0002,0.0002
9725.0500,0.0001,0.0001,0.0000
9726.6583,0.0000,0.0000,0.0000
9740.0000,0.0003,0.0001,0.0002
9745.0000,0.0001,0.0000,0.0000
9745.6167,0.0001,0.0001,0.0000
9750.0000,0.0007,0.0005,0.0005
9760.0000,0.0003,0.0001,0.0001
9764.9167,0.0003,0.0001,0.0000
9765.0167,0.0001,0.0000,0.0000
9765.6250,0.0005,0.0003,0.0002
9770.0000,0.0004,0.0002,0.0002
9775.0167,0.0009,0.0003,0.0003
9780.0000,0.0003,0.0002,0.0002
9788.6167,0.0011,0.0008,0.0005
9800.0000,0.0012,0.0009,0.0005
9805.0000,0.0003,0.0002,0.0001
9810.0000,0.0003,0.0001,0.0001
9820.0000,0.0003,0.0003,0.0003
9825.0000,0.0002,0.0000,0.0000
9827.2083,0.0003,0.0001,0.0001
9830.0000,0.0003,0.0001,0.0001
9833.3750,0.0002,0.0001,0.0000
9833.6583,0.0001,0.0000,0.0000
9833.6750,0.0001,0.0000,0.0000
9835.0000,0.0001,0.0001,0.0000
9836.3667,0.0001,0.0000,0.0000
9836.3833,0.0001,0.0000,0.0000
9837.5000,0.0002,0.0000,0.0000
9840.0000,0.0005,0.0003,0.0002
9840.5583,0.0002,0.0001,0.0000
9841.1750,0.0001,0.0000,0.0000
9841.2667,0.0001,0.0000,0.0000
9841.2750,0.0001,0.0000,0.0000
9844.2250,0.0002,0.0000,0.0000
9844.2333,0.0002,0.0000,0.0000
9845.0000,0.0002,0.0001,0.0001
9847.7750,0.0001,0.0001,0.0000
9850.0000,0.0014,0.0012,0.0007
9853.8167,0.0000,0.0000,0.0000
9856.9500,0.0001,0.0000,0.0000
9860.0000,0.0004,0.0003,0.0002
9863.0167,0.0001,0.0000,0.0000
9865.0000,0.0002,0.0001,0.0001
9865.4750,0.0002,0.0000,0.0000
9868.6750,0.0004,0.0001,0.0001
9870.0000,0.0003,0.0001,0.0001
9871.5000,0.0001,0.0001,0.0000
9871.5333,0.0001,0.0001,0.0000
9880.0000,0.0006,0.0004,0.0002
9885.0000,0.0002,0.0001,0.0001
9891.5083,0.0011,0.0002,0.0001
9896.6083,0.0158,0.0046,0.0017
9898.4083,0.0014,0.0008,0.0003
9900.2083,0.0001,0.0000,0.0000
9902.7500,0.0001,0.0000,0.0000
9905.0000,0.0002,0.0001,0.0001
9919.2333,0.0005,0.0002,0.0001
9919.3500,0.0001,0.0001,0.0001
9920.0000,0.0004,0.0002,0.0002
9925.0000,0.0001,0.0001,0.0001
9934.7083,0.0012,0.0002,0.0002
9939.2917,0.0001,0.0001,0.0000
9940.0000,0.0006,0.0003,0.0002
9945.0000,0.0002,0.0001,0.0001
9960.0000,0.0004,0.0003,0.0002
9960.9417,0.0004,0.0003,0.0002
9965.0083,0.0002,0.0001,0.0001
9967.7500,0.0001,0.0000,0.0000
9967.7750,0.0001,0.0000,0.0000
9975.0000,0.0001,0.0001,0.0000
9980.0000,0.0003,0.0003,0.0002
9980.1833,0.0001,0.0001,0.0000
9983.5583,0.0070,0.0027,0.0012
9983.5750,0.0072,0.0029,0.0012
9984.7667,0.0001,0.0000,0.0000
9984.7833,0.0001,0.0000,0.0000
9984.9083,0.0001,0.0001,0.0000
9984.9500,0.0001,0.0001,0.0000
9985.0250,0.0001,0.0001,0.0000
9985.0583,0.0001,0.0000,0.0000
9985.1583,0.0001,0.0001,0.0000
9988.7417,0.0028,0.0018,0.0009
9990.0000,0.0005,0.0005,0.0002
9995.6167,0.0004,0.0002,0.0001
10004.7583,0.0001,0.0000,0.0000
10004.7750,0.0001,0.0001,0.0000
10005.0000,0.0002,0.0001,0.0001
10010.0000,0.0005,0.0005,0.0002
10020.0000,0.0003,0.0001,0.0000
10024.8000,0.0005,0.0001,0.0001
10024.9000,0.0003,0.0002,0.0001
10025.0167,0.0002,0.0000,0.0001
10030.0000,0.0004,0.0003,0.0002
10041.7667,0.0025,0.0011,0.0002
10042.6167,0.0002,0.0002,0.0001
10045.0167,0.0001,0.0000,0.0000
10048.8250,0.0002,0.0002,0.0001
10048.8417,0.0002,0.0002,0.0001
10057.3000,0.0001,0.0001,0.0001
10064.2083,0.0016,0.0006,0.0002
10065.0083,0.0001,0.0000,0.0000
10065.4667,0.0006,0.0000,0.0000
10065.6750,0.0006,0.0003,0.0001
10065.7833,0.0003,0.0000,0.0000
10070.0000,0.0006,0.0004,0.0002
10074.6250,0.0004,0.0001,0.0001
10074.6333,0.0004,0.0001,0.0001
10076.1083,0.0024,0.0003,0.0000
10085.0000,0.0001,0.0000,0.0000
10086.8250,0.0001,0.0000,0.0000
10086.8583,0.0001,0.0001,0.0000
10090.0000,0.0006,0.0004,0.0002
10095.3750,0.0001,0.0000,0.0000
10096.3500,0.0005,0.0002,0.0001
10096.4750,0.0031,0.0014,0.0006
10100.0000,0.0022,0.0007,0.0007
10101.2083,0.0001,0.0000,0.0000
10101.4167,0.0264,0.0103,0.0021
10109.0167,0.0017,0.0005,0.0001
10110.0000,0.0007,0.0005,0.0003
10113.3833,0.0000,0.0000,0.0000
10118.8250,0.0028,0.0009,0.0002
10130.0000,0.0008,0.0005,0.0002
10138.5167,0.0005,0.0001,0.0000
10138.5333,0.0005,0.0001,0.0000
10138.9000,0.0075,0.0025,0.0010
10156.2500,0.0004,0.0002,0.0002
10170.0000,0.0010,0.0006,0.0003
10175.0000,0.0002,0.0000,0.0001
10180.0000,0.0003,0.0000,0.0002
10190.0000,0.0011,0.0005,0.0005
10196.2250,0.0001,0.0000,0.0000
10196.2583,0.0001,0.0000,0.0000
10200.0000,0.0013,0.0008,0.0007
10208.9917,0.0001,0.0000,0.0000
10209.2833,0.1096,0.0899,0.0686
10209.4917,0.0001,0.0001,0.0001
10209.6250,0.0000,0.0000,0.0000
10210.0000,0.0012,0.0006,0.0005
10225.0000,0.0002,0.0001,0.0001
10230.0000,0.0014,0.0007,0.0005
10239.9833,0.0001,0.0001,0.0000
10244.9917,0.0001,0.0000,0.0000
10250.0000,0.0022,0.0005,0.0006
10250.9250,0.0009,0.0002,0.0000
10264.9917,0.0001,0.0000,0.0000
10270.0000,0.0017,0.0007,0.0008
10283.9667,0.0073,0.0024,0.0009
10283.9750,0.0073,0.0024,0.0009
10290.0000,0.0019,0.0008,0.0009
10300.0000,0.0016,0.0007,0.0010
10310.0000,0.0020,0.0008,0.0009
10313.0083,0.0002,0.0001,0.0000
10320.0000,0.0002,0.0001,0.0001
10325.0000,0.0001,0.0001,0.0000
10330.0000,0.0021,0.0007,0.0010
10336.1750,0.0023,0.0011,0.0006
10336.4583,0.0001,0.0001,0.0000
10340.0000,0.0002,0.0001,0.0001
10345.0000,0.0002,0.0001,0.0001
10350.0000,0.0025,0.0008,0.0010
10351.5667,0.0001,0.0001,0.0001
10360.0000,0.0003,0.0001,0.0001
10365.0000,0.0002,0.0001,0.0001
10365.7833,0.0005,0.0004,0.0002
10370.0000,0.0021,0.0007,0.0010
10370.2667,0.0001,0.0001,0.0000
10370.2917,0.0001,0.0001,0.0000
10375.0000,0.0001,0.0001,0.0000
10380.0000,0.0002,0.0001,0.0002
10385.0000,0.0003,0.0001,0.0001
10390.0000,0.0020,0.0006,0.0009
10390.6250,0.0000,0.0000,0.0000
10394.0083,0.0003,0.0002,0.0001
10400.0000,0.0016,0.0006,0.0009
10405.0000,0.0003,0.0001,0.0001
10410.0000,0.0017,0.0005,0.0008
10420.0000,0.0003,0.0000,0.0001
10425.0000,0.0001,0.0001,0.0001
10430.0000,0.0015,0.0004,0.0007
10440.0000,0.0002,0.0000,0.0001
10450.0000,0.0011,0.0003,0.0006
10452.2250,0.0001,0.0001,0.0000
10460.0000,0.0003,0.0001,0.0001
10470.0000,0.0011,0.0002,0.0006
10480.0000,0.0003,0.0000,0.0002
10490.0000,0.0012,0.0002,0.0005
10498.2833,0.0002,0.0001,0.0001
10501.3417,0.0141,0.0054,0.0024
10505.0000,0.0002,0.0000,0.0001
10510.0000,0.0014,0.0003,0.0007
10514.1500,0.0003,0.0002,0.0001
10520.0000,0.0003,0.0000,0.0002
10530.0000,0.0015,0.0003,0.0007
10540.0000,0.0002,0.0000,0.0001
10545.0000,0.0002,0.0000,0.0001
10550.0000,0.0023,0.0002,0.0004
10558.6583,0.0001,0.0001,0.0000
10558.6750,0.0001,0.0001,0.0000
10560.0000,0.0002,0.0000,0.0001
10567.3333,0.0001,0.0000,0.0000
10570.0000,0.0017,0.0002,0.0007
10575.9833,0.0002,0.0001,0.0001
10576.5250,0.0002,0.0000,0.0000
10576.5583,0.0002,0.0000,0.0000
10590.0000,0.0014,0.0002,0.0007
10600.0000,0.0004,0.0001,0.0002
10610.0000,0.0014,0.0001,0.0007
10614.6083,0.0051,0.0017,0.0013
10616.2333,0.0002,0.0001,0.0000
10625.0000,0.0004,0.0001,0.0003
10628.0917,0.0005,0.0004,0.0002
10630.0000,0.0014,0.0001,0.0006
10634.6417,0.0001,0.0001,0.0000
10635.6250,0.0002,0.0001,0.0000
10635.6417,0.0002,0.0001,0.0000
10637.1833,0.0001,0.0000,0.0000
10639.6833,0.0002,0.0002,0.0001
10644.6417,0.0136,0.0028,0.0014
10670.0000,0.0013,0.0001,0.0006
10683.9583,0.0001,0.0000,0.0000
10683.9917,0.0001,0.0000,0.0000
10684.0333,0.0001,0.0000,0.0000
10690.0000,0.0013,0.0001,0.0007
10697.2917,0.0072,0.0026,0.0033
10698.0833,0.0005,0.0001,0.0001
10699.9000,0.0003,0.0001,0.0002
10700.0000,0.0012,0.0001,0.0009
10707.7083,0.0001,0.0001,0.0000
10710.0000,0.0013,0.0001,0.0006
10711.8667,0.0002,0.0001,0.0000
10711.8833,0.0002,0.0001,0.0000
10712.9083,0.0001,0.0001,0.0000
10725.0000,0.0002,0.0000,0.0001
10730.0000,0.0009,0.0001,0.0006
10744.3750,0.0004,0.0003,0.0003
10750.0000,0.0006,0.0002,0.0006
10769.2583,0.0016,0.0002,0.0001
10770.0000,0.0007,0.0001,0.0004
10773.3500,0.0013,0.0002,0.0002
10773.5500,0.0158,0.0018,0.0016
10775.0000,0.0001,0.0000,0.0000
10780.0000,0.0002,0.0000,0.0001
10782.5083,0.0075,0.0007,0.0009
10790.0000,0.0007,0.0001,0.0004
10794.6750,0.0001,0.0000,0.0000
10795.8083,0.0001,0.0001,0.0000
10795.8333,0.0001,0.0001,0.0000
10800.0000,0.0018,0.0003,0.0014
10806.9667,0.0001,0.0001,0.0000
10806.9833,0.0001,0.0001,0.0000
10810.0000,0.0007,0.0001,0.0004
10820.0000,0.0002,0.0000,0.0001
10830.0000,0.0008,0.0002,0.0004
10836.8250,0.0004,0.0002,0.0001
10840.0000,0.0001,0.0000,0.0001
10860.0000,0.0001,0.0001,0.0001
10870.0000,0.0011,0.0006,0.0005
10870.0833,0.0003,0.0002,0.0001
10874.9917,0.0003,0.0001,0.0002
10883.7083,0.0000,0.0000,0.0000
10890.0000,0.0013,0.0004,0.0007
10900.0000,0.0010,0.0001,0.0004
10910.0000,0.0013,0.0005,0.0007
10925.0000,0.0002,0.0000,0.0000
10930.0000,0.0014,0.0005,0.0008
10940.0000,0.0001,0.0000,0.0001
10950.0000,0.0017,0.0004,0.0004
10970.0000,0.0014,0.0006,0.0007
10975.0000,0.0004,0.0000,0.0001
10980.0000,0.0002,0.0000,0.0001
10985.0000,0.0001,0.0000,0.0000
10990.0000,0.0013,0.0006,0.0007
10991.5500,0.0003,0.0001,0.0000
11000.0000,0.0016,0.0008,0.0011
11010.0000,0.0011,0.0006,0.0006
11011.2750,0.0001,0.0000,0.0000
11011.8250,0.0001,0.0001,0.0000
11012.8583,0.0002,0.0001,0.0000
11017.5583,0.0001,0.0000,0.0000
11025.5333,0.0001,0.0000,0.0000
11030.0000,0.0012,0.0006,0.0005
11039.9917,0.0002,0.0001,0.0002
11044.9917,0.0001,0.0000,0.0000
11050.0000,0.0012,0.0005,0.0004
11060.0000,0.0003,0.0000,0.0001
11070.0000,0.0009,0.0005,0.0005
11075.0000,0.0002,0.0000,0.0001
11078.5333,0.0007,0.0006,0.0003
11079.1667,0.0111,0.0067,0.0027
11079.9583,0.0001,0.0000,0.0001
11079.9917,0.0001,0.0000,0.0001
11080.3417,0.0142,0.0033,0.0016
11080.9667,0.0010,0.0001,0.0001
11080.9750,0.0010,0.0001,0.0001
11084.9917,0.0001,0.0000,0.0000
11090.0000,0.0008,0.0004,0.0004
11090.2833,0.0007,0.0001,0.0000
11110.0000,0.0009,0.0005,0.0005
11120.0000,0.0002,0.0001,0.0001
11130.0000,0.0010,0.0006,0.0006
11132.8083,0.0000,0.0000,0.0000
11140.0000,0.0001,0.0000,0.0001
11150.0000,0.0009,0.0006,0.0007
11158.3667,0.0001,0.0001,0.0001
11158.3750,0.0001,0.0000,0.0001
11160.0000,0.0002,0.0001,0.0001
11170.0000,0.0007,0.0005,0.0004
11172.0250,0.0001,0.0000,0.0000
11174.9917,0.0002,0.0001,0.0001
11175.1167,0.0002,0.0001,0.0000
11176.9083,0.0003,0.0002,0.0000
11180.0000,0.0002,0.0001,0.0001
11190.0000,0.0007,0.0005,0.0003
11200.0000,0.0004,0.0002,0.0002
11206.3917,0.0001,0.0000,0.0001
11210.0000,0.0007,0.0006,0.0004
11220.0000,0.0002,0.0001,0.0001
11230.0000,0.0008,0.0006,0.0004
11232.6583,0.0002,0.0001,0.0000
11232.7667,0.0001,0.0000,0.0000
11232.7750,0.0001,0.0000,0.0000
11239.3667,0.0006,0.0002,0.0000
11239.3750,0.0006,0.0002,0.0000
11239.4750,0.0003,0.0001,0.0000
11240.0000,0.0002,0.0001,0.0001
11241.0667,0.0001,0.0000,0.0000
11241.0750,0.0001,0.0000,0.0000
11260.0000,0.0002,0.0002,0.0001
11260.3917,0.0007,0.0003,0.0000
11264.9333,0.0001,0.0000,0.0000
11270.0000,0.0012,0.0011,0.0006
11280.0000,0.0003,0.0002,0.0002
11285.0000,0.0001,0.0000,0.0000
11290.0000,0.0015,0.0013,0.0008
11291.6167,0.0002,0.0001,0.0001
11291.6417,0.0002,0.0001,0.0001
11300.0000,0.0003,0.0003,0.0002
11305.0000,0.0001,0.0001,0.0000
11318.7750,0.0034,0.0026,0.0019
11320.0000,0.0003,0.0002,0.0002
11328.1250,0.0003,0.0002,0.0001
11328.1500,0.0003,0.0002,0.0001
11328.2500,0.0001,0.0000,0.0000
11340.0000,0.0004,0.0002,0.0002
11344.4833,0.0002,0.0000,0.0000
11350.0000,0.0022,0.0017,0.0010
11353.5250,0.0001,0.0000,0.0000
11360.0000,0.0004,0.0002,0.0002
11365.0083,0.0000,0.0000,0.0000
11376.7250,0.0001,0.0000,0.0000
11376.7333,0.0001,0.0000,0.0000
11380.0000,0.0004,0.0002,0.0002
11420.0000,0.0004,0.0003,0.0002
11425.0000,0.0001,0.0001,0.0001
11428.7500,0.0005,0.0001,0.0001
11430.3000,0.0010,0.0004,0.0003
11430.3667,0.0008,0.0003,0.0002
11438.1000,0.0001,0.0000,0.0001
11440.0000,0.0005,0.0003,0.0002
11452.4583,0.0103,0.0017,0.0021
11452.5833,0.0062,0.0019,0.0010
11455.2583,0.0023,0.0005,0.0003
11468.2417,0.0006,0.0001,0.0001
11475.0000,0.0002,0.0001,0.0000
11480.9750,0.0001,0.0001,0.0000
11488.9417,0.0002,0.0001,0.0000
11497.3583,0.0002,0.0000,0.0000
11497.3833,0.0002,0.0001,0.0000
11497.4667,0.0001,0.0000,0.0000
11523.4417,0.0004,0.0002,0.0001
11525.0667,0.0004,0.0002,0.0002
11525.1000,0.0004,0.0002,0.0002
11537.6000,0.0002,0.0001,0.0001
11538.0833,0.0007,0.0002,0.0002
11538.8250,0.0006,0.0001,0.0001
11538.8333,0.0006,0.0001,0.0001
11540.5000,0.0004,0.0001,0.0001
11540.5583,0.0003,0.0001,0.0001
11540.5917,0.0004,0.0001,0.0001
11543.2500,0.0003,0.0001,0.0001
11560.0000,0.0004,0.0003,0.0001
11575.0000,0.0001,0.0001,0.0000
11592.5333,0.0003,0.0003,0.0000
11593.4250,0.0036,0.0019,0.0009
11593.4583,0.0037,0.0018,0.0008
11595.9083,0.0029,0.0009,0.0004
11595.9583,0.0030,0.0008,0.0003
11604.3667,0.0005,0.0001,0.0001
11604.3750,0.0005,0.0001,0.0001
11620.0000,0.0003,0.0002,0.0001
11632.6667,0.0016,0.0005,0.0004
11632.6833,0.0016,0.0005,0.0003
11644.4250,0.0005,0.0002,0.0001
11644.4333,0.0005,0.0002,0.0001
11645.4333,0.0002,0.0000,0.0000
11645.4750,0.0002,0.0000,0.0000
11671.1500,0.0018,0.0007,0.0004
11675.0000,0.0001,0.0000,0.0001
11677.6250,0.0003,0.0001,0.0000
11677.6333,0.0003,0.0001,0.0000
11685.0167,0.0000,0.0000,0.0000
11702.9250,0.0001,0.0000,0.0000
11702.9333,0.0001,0.0000,0.0000
11728.4083,0.0000,0.0000,0.0000
11729.1083,0.0003,0.0001,0.0001
11729.7667,0.0008,0.0002,0.0002
11729.7750,0.0008,0.0002,0.0002
11729.8583,0.0005,0.0002,0.0001
11767.5083,0.0025,0.0010,0.0012
11767.5333,0.0027,0.0008,0.0011
11788.1083,0.0000,0.0000,0.0000
11788.1417,0.0000,0.0000,0.0000
11788.2667,0.0002,0.0001,0.0001
11788.2750,0.0002,0.0001,0.0001
11794.1583,0.0001,0.0001,0.0000
11810.6417,0.0029,0.0009,0.0006
11810.7250,0.0017,0.0006,0.0004
11825.6583,0.0001,0.0000,0.0000
11830.8667,0.0006,0.0001,0.0000
11830.8750,0.0006,0.0001,0.0000
11839.7083,0.0006,0.0002,0.0001
11842.7833,0.0002,0.0001,0.0000
11850.0833,0.0016,0.0010,0.0002
11850.2000,0.0014,0.0005,0.0000
11865.2583,0.0001,0.0001,0.0000
11868.6000,0.0003,0.0001,0.0001
11868.6333,0.0004,0.0001,0.0001
11892.2167,0.0005,0.0003,0.0003
11894.4583,0.0047,0.0021,0.0011
11894.4833,0.0048,0.0019,0.0010
11894.8333,0.0000,0.0000,0.0000
11911.1000,0.0001,0.0000,0.0000
11912.5500,0.0001,0.0000,0.0000
11923.6250,0.0043,0.0005,0.0005
11931.9250,0.0068,0.0008,0.0008
11944.5500,0.0000,0.0000,0.0000
11946.6750,0.0003,0.0001,0.0001
11957.7250,0.0004,0.0002,0.0001
11957.7583,0.0004,0.0002,0.0001
11975.0250,0.0004,0.0001,0.0001
11985.0083,0.0000,0.0000,0.0000
12000.0000,0.1303,0.0901,0.1180
12000.2250,0.0000,0.0000,0.0000
12006.2417,0.0018,0.0010,0.0001
12006.3333,0.0024,0.0008,0.0001
12011.9917,0.0001,0.0000,0.0000
12017.9417,0.0006,0.0002,0.0001
12018.0583,0.0005,0.0002,0.0000
12025.0000,0.0002,0.0000,0.0000
12033.7250,0.0005,0.0002,0.0001
12033.7417,0.0004,0.0002,0.0001
12033.8333,0.0005,0.0002,0.0000
12060.5333,0.0001,0.0001,0.0000
12085.3667,0.0001,0.0000,0.0000
12085.3750,0.0001,0.0000,0.0000
12128.6917,0.0002,0.0000,0.0000
12129.3750,0.0005,0.0001,0.0000
12185.6750,0.0009,0.0004,0.0001
12185.7917,0.0009,0.0003,0.0001
12185.8917,0.0004,0.0001,0.0001
12216.3750,0.0001,0.0000,0.0000
12220.2583,0.0001,0.0000,0.0000
12220.2750,0.0001,0.0000,0.0000
12224.1250,0.0073,0.0012,0.0009
12236.6083,0.0001,0.0001,0.0000
12236.6583,0.0001,0.0000,0.0000
12237.5083,0.0003,0.0001,0.0001
12239.5750,0.0004,0.0001,0.0001
12264.1667,0.0003,0.0001,0.0001
12264.1833,0.0003,0.0001,0.0001
12264.4250,0.0050,0.0018,0.0010
12264.8000,0.0056,0.0021,0.0010
12265.0417,0.0003,0.0001,0.0001
12267.0167,0.0001,0.0000,0.0000
12267.0417,0.0001,0.0000,0.0000
12275.0000,0.0002,0.0001,0.0000
12276.1583,0.0001,0.0001,0.0000
12276.1750,0.0001,0.0001,0.0000
12280.0000,0.0001,0.0001,0.0000
12306.6083,0.0002,0.0001,0.0001
12308.1500,0.0001,0.0001,0.0000
12330.0000,0.0003,0.0002,0.0001
12332.1083,0.0001,0.0000,0.0000
12343.7667,0.0002,0.0001,0.0000
12344.9917,0.0001,0.0001,0.0000
12350.0000,0.0009,0.0006,0.0003
12352.7167,0.0007,0.0005,0.0003
12353.4917,0.0004,0.0002,0.0001
12366.7250,0.0001,0.0000,0.0000
12366.7667,0.0001,0.0000,0.0000
12366.7750,0.0001,0.0000,0.0000
12370.7417,0.0001,0.0000,0.0000
12379.7833,0.0001,0.0000,0.0000
12386.0833,0.0006,0.0002,0.0001
12410.0000,0.0003,0.0003,0.0001
12414.7667,0.0002,0.0001,0.0000
12414.7833,0.0002,0.0001,0.0000
12417.2667,0.0010,0.0007,0.0004
12417.2750,0.0010,0.0007,0.0004
12425.0000,0.0003,0.0002,0.0001
12439.9917,0.0001,0.0000,0.0000
12461.8667,0.0003,0.0000,0.0000
12461.9000,0.0003,0.0000,0.0000
12470.3833,0.0007,0.0002,0.0001
12475.0000,0.0001,0.0001,0.0000
12479.7417,0.0002,0.0000,0.0000
12479.9917,0.0000,0.0000,0.0000
12480.6667,0.0957,0.0496,0.0354
12480.6833,0.0971,0.0471,0.0341
12480.8750,0.0002,0.0001,0.0001
12480.9667,0.0000,0.0000,0.0000
12482.4250,0.0018,0.0012,0.0008
12482.4417,0.0019,0.0012,0.0008
12488.3250,0.0001,0.0001,0.0001
12488.3333,0.0001,0.0001,0.0001
12488.4000,0.0001,0.0001,0.0001
12496.8417,0.0003,0.0001,0.0001
12498.4500,0.0001,0.0000,0.0000
12498.9667,0.0000,0.0000,0.0000
12499.1583,0.0001,0.0000,0.0000
12499.2583,0.0001,0.0000,0.0000
12499.3583,0.0001,0.0001,0.0000
12499.4583,0.0001,0.0001,0.0000
12499.6000,0.0001,0.0001,0.0000
12499.6917,0.0002,0.0002,0.0000
12499.7333,0.0002,0.0002,0.0001
12499.8083,0.0004,0.0003,0.0001
12499.8417,0.0006,0.0006,0.0002
12500.0000,1.3876,1.1597,0.3387
12500.1583,0.0006,0.0005,0.0001
12500.1917,0.0004,0.0003,0.0001
12500.3083,0.0002,0.0001,0.0000
12500.3583,0.0001,0.0001,0.0000
12500.4000,0.0001,0.0001,0.0000
12500.4917,0.0001,0.0001,0.0000
12500.5417,0.0001,0.0001,0.0000
12500.6417,0.0001,0.0001,0.0000
12500.8333,0.0001,0.0000,0.0000
12501.5833,0.0000,0.0000,0.0000
12501.6750,0.0000,0.0000,0.0000
12510.0000,0.0001,0.0001,0.0000
12519.3167,0.0005,0.0002,0.0001
12519.3333,0.0005,0.0002,0.0001
12525.0083,0.0001,0.0001,0.0000
12548.6167,0.0013,0.0008,0.0006
12550.0000,0.0004,0.0001,0.0001
12554.6583,0.0002,0.0001,0.0001
12554.6750,0.0002,0.0001,0.0001
12554.7417,0.0002,0.0001,0.0001
12563.4333,0.0002,0.0001,0.0000
12570.0000,0.0004,0.0003,0.0001
12585.2250,0.0002,0.0000,0.0000
12590.0000,0.0004,0.0003,0.0001
12594.6667,0.0003,0.0001,0.0001
12594.6750,0.0003,0.0001,0.0001
12599.9917,0.0002,0.0001,0.0001
12608.9500,0.0020,0.0005,0.0003
12609.0167,0.0021,0.0004,0.0003
12613.6167,0.0001,0.0000,0.0000
12613.7333,0.0006,0.0003,0.0002
12613.9167,0.1291,0.0596,0.0327
12614.1250,0.0002,0.0001,0.0001
12617.1583,0.0009,0.0001,0.0000
12617.2667,0.0007,0.0001,0.0001
12618.4833,0.0001,0.0000,0.0000
12618.6083,0.0001,0.0000,0.0000
12620.0500,0.0001,0.0000,0.0000
12620.2000,0.0191,0.0068,0.0050
12620.2833,0.0154,0.0055,0.0039
12620.6417,0.0033,0.0006,0.0004
12620.6750,0.0024,0.0006,0.0002
12620.7583,0.0015,0.0004,0.0004
12624.6250,0.0008,0.0002,0.0002
12626.6917,0.0001,0.0000,0.0000
12629.2333,0.0260,0.0103,0.0083
12629.3083,0.0215,0.0080,0.0070
12633.2250,0.0001,0.0000,0.0000
12633.2333,0.0001,0.0000,0.0000
12636.7417,0.0001,0.0000,0.0000
12646.4333,0.0001,0.0001,0.0000
12646.5250,0.0003,0.0002,0.0001
12646.5333,0.0003,0.0002,0.0001
12656.2500,0.0002,0.0002,0.0001
12670.0000,0.0015,0.0013,0.0004
12690.0000,0.0018,0.0015,0.0005
12692.8083,0.0009,0.0005,0.0002
12710.0000,0.0018,0.0015,0.0005
12723.8500,0.0001,0.0000,0.0000
12723.8833,0.0000,0.0000,0.0000
12725.0000,0.0003,0.0001,0.0000
12730.0000,0.0009,0.0007,0.0003
12733.3083,0.0001,0.0000,0.0000
12733.3333,0.0001,0.0001,0.0000
12741.8250,0.0006,0.0001,0.0001
12741.8500,0.0006,0.0000,0.0001
12742.0167,0.0004,0.0000,0.0000
12743.3250,0.0003,0.0000,0.0000
12743.3333,0.0003,0.0000,0.0000
12743.5083,0.0012,0.0001,0.0001
12750.0000,0.0021,0.0017,0.0005
12751.1500,0.0009,0.0002,0.0002
12754.5583,0.0003,0.0002,0.0001
12760.0167,0.0003,0.0002,0.0001
12760.2333,0.0007,0.0003,0.0002
12760.4000,0.0950,0.0464,0.0220
12760.4333,0.1027,0.0421,0.0204
12760.6250,0.0002,0.0001,0.0000
12770.0000,0.0021,0.0017,0.0006
12772.5417,0.0001,0.0000,0.0000
12775.0000,0.0002,0.0001,0.0000
12779.7417,0.0001,0.0000,0.0000
12790.0000,0.0013,0.0010,0.0003
12800.0000,0.0003,0.0002,0.0000
12810.0000,0.0009,0.0007,0.0002
12812.7500,0.0002,0.0001,0.0001
12812.7750,0.0002,0.0001,0.0000
12814.2250,0.0002,0.0001,0.0000
12830.0000,0.0011,0.0007,0.0003
12841.2833,0.0004,0.0001,0.0001
12850.0000,0.0015,0.0010,0.0004
12870.0000,0.0016,0.0011,0.0004
12880.0000,0.0003,0.0002,0.0001
12890.0000,0.0016,0.0012,0.0004
12890.6250,0.0003,0.0001,0.0000
12890.6500,0.0003,0.0001,0.0000
12910.0000,0.0026,0.0019,0.0007
12925.0000,0.0003,0.0002,0.0001
12930.0000,0.0036,0.0026,0.0009
12930.9500,0.0016,0.0010,0.0006
12931.0500,0.0012,0.0008,0.0005
12940.0083,0.0003,0.0002,0.0001
12944.6667,0.0013,0.0003,0.0004
12944.6833,0.0014,0.0003,0.0004
12950.0000,0.0029,0.0020,0.0008
12960.0000,0.0003,0.0002,0.0001
12960.8667,0.0003,0.0001,0.0000
12960.8833,0.0003,0.0001,0.0000
12970.0000,0.0021,0.0014,0.0006
12980.0000,0.0004,0.0003,0.0001
12980.4667,0.0001,0.0000,0.0000
12990.0000,0.0022,0.0014,0.0006
12993.6667,0.0003,0.0002,0.0001
13000.0083,0.0001,0.0000,0.0000
13006.2667,0.0005,0.0001,0.0001
13010.0000,0.0026,0.0016,0.0006
13015.0000,0.0001,0.0000,0.0000
13017.2500,0.0028,0.0009,0.0005
13017.2833,0.0023,0.0010,0.0005
13017.3417,0.0028,0.0007,0.0003
13020.0000,0.0005,0.0003,0.0001
13021.6083,0.0003,0.0001,0.0000
13025.0000,0.0003,0.0001,0.0000
13025.5250,0.0011,0.0002,0.0001
13025.5333,0.0011,0.0002,0.0001
13025.6250,0.0012,0.0001,0.0000
13030.0000,0.0028,0.0018,0.0007
13033.0917,0.0009,0.0002,0.0000
13033.2000,0.0008,0.0001,0.0000
13037.0833,0.0000,0.0000,0.0000
13040.0000,0.0004,0.0002,0.0001
13050.0000,0.0027,0.0018,0.0007
13060.0000,0.0004,0.0002,0.0001
13067.8583,0.0005,0.0002,0.0001
13067.8833,0.0005,0.0002,0.0001
13070.0000,0.0029,0.0018,0.0007
13075.0000,0.0002,0.0001,0.0000
13076.1667,0.0001,0.0000,0.0000
13076.1750,0.0001,0.0000,0.0000
13077.0167,0.0002,0.0000,0.0000
13077.0667,0.0001,0.0000,0.0000
13077.1333,0.0003,0.0000,0.0000
13080.0000,0.0005,0.0003,0.0001
13085.9333,0.0005,0.0003,0.0001
13087.1167,0.0042,0.0011,0.0003
13087.1333,0.0040,0.0012,0.0003
13087.2083,0.0043,0.0008,0.0002
13087.4083,0.0023,0.0005,0.0001
13087.4333,0.0020,0.0006,0.0001
13087.5000,0.0023,0.0004,0.0001
13090.0000,0.0032,0.0020,0.0008
13100.0000,0.0007,0.0005,0.0001
13102.8750,0.0047,0.0008,0.0002
13102.9667,0.0054,0.0006,0.0002
13108.5500,0.0001,0.0000,0.0000
13108.5750,0.0001,0.0000,0.0000
13110.0000,0.0025,0.0015,0.0006
13112.2417,0.0002,0.0001,0.0000
13112.2833,0.0002,0.0001,0.0000
13112.9583,0.0002,0.0001,0.0000
13112.9917,0.0002,0.0001,0.0000
13113.7583,0.0001,0.0000,0.0000
13119.9667,0.0002,0.0002,0.0001
13120.0000,0.0003,0.0001,0.0001
13125.0000,0.0009,0.0007,0.0002
13130.0000,0.0021,0.0012,0.0005
13140.0000,0.0004,0.0002,0.0001
13149.8167,0.0001,0.0001,0.0000
13150.0000,0.0023,0.0014,0.0006
13160.0000,0.0003,0.0002,0.0001
13170.0000,0.0023,0.0013,0.0006
13175.0000,0.0002,0.0001,0.0000
13180.0000,0.0002,0.0001,0.0000
13190.0000,0.0018,0.0009,0.0004
13194.9167,0.0016,0.0005,0.0001
13194.9333,0.0015,0.0006,0.0001
13195.0000,0.0016,0.0004,0.0001
13210.0000,0.0015,0.0008,0.0004
13221.4500,0.0001,0.0000,0.0000
13221.4750,0.0001,0.0000,0.0000
13226.4167,0.0005,0.0002,0.0001
13230.0000,0.0015,0.0008,0.0004
13240.0000,0.0002,0.0001,0.0000
13250.0000,0.0015,0.0006,0.0004
13260.0000,0.0003,0.0002,0.0000
13263.9000,0.0001,0.0000,0.0000
13270.0000,0.0012,0.0006,0.0003
13275.0000,0.0002,0.0001,0.0000
13280.0000,0.0002,0.0002,0.0001
13281.2500,0.0002,0.0001,0.0000
13290.0000,0.0012,0.0005,0.0003
13300.0000,0.0004,0.0002,0.0001
13303.3167,0.0002,0.0000,0.0000
13303.3417,0.0002,0.0000,0.0000
13310.0000,0.0012,0.0005,0.0003
13320.0000,0.0001,0.0001,0.0000
13330.0000,0.0015,0.0006,0.0004
13334.2833,0.0023,0.0017,0.0013
13340.0000,0.0002,0.0001,0.0000
13350.0000,0.0017,0.0007,0.0004
13360.0000,0.0002,0.0001,0.0001
13370.0000,0.0020,0.0008,0.0005
13380.0000,0.0003,0.0001,0.0000
13390.0000,0.0023,0.0009,0.0006
13400.0000,0.0007,0.0002,0.0002
13406.5083,0.0008,0.0002,0.0000
13406.5333,0.0008,0.0002,0.0000
13408.9667,0.0002,0.0000,0.0000
13408.9750,0.0002,0.0000,0.0000
13410.0000,0.0027,0.0009,0.0007
13420.0000,0.0003,0.0001,0.0001
13430.0000,0.0029,0.0009,0.0007
13440.0000,0.0004,0.0001,0.0001
13449.3250,0.0021,0.0004,0.0002
13449.4500,0.0038,0.0005,0.0002
13449.4750,0.0035,0.0006,0.0002
13449.5750,0.0019,0.0003,0.0001
13450.0000,0.0033,0.0010,0.0008
13460.0000,0.0003,0.0001,0.0001
13470.0000,0.0039,0.0011,0.0010
13476.5583,0.0002,0.0001,0.0001
13480.0000,0.0004,0.0002,0.0001
13490.0000,0.0044,0.0012,0.0012
13500.0000,0.0006,0.0001,0.0002
13510.0000,0.0045,0.0011,0.0012
13515.6333,0.0001,0.0000,0.0000
13519.0083,0.0003,0.0002,0.0001
13520.0000,0.0006,0.0002,0.0001
13525.0000,0.0003,0.0000,0.0000
13530.0000,0.0042,0.0010,0.0011
13540.0000,0.0004,0.0001,0.0002
13550.0000,0.0035,0.0007,0.0010
13560.0000,0.0005,0.0001,0.0001
13570.0000,0.0028,0.0006,0.0008
13575.0000,0.0001,0.0000,0.0000
13580.0000,0.0004,0.0001,0.0001
13590.0000,0.0025,0.0004,0.0007
13593.7500,0.0001,0.0000,0.0000
13600.0000,0.0003,0.0001,0.0001
13610.0000,0.0026,0.0004,0.0007
13610.2000,0.0036,0.0006,0.0002
13610.2417,0.0024,0.0008,0.0002
13610.3083,0.0039,0.0005,0.0002
13620.0000,0.0004,0.0000,0.0001
13623.2833,0.0002,0.0001,0.0001
13624.4083,0.0003,0.0001,0.0000
13625.0000,0.0001,0.0000,0.0001
13626.3500,0.0003,0.0001,0.0001
13630.0000,0.0024,0.0003,0.0007
13640.0000,0.0004,0.0000,0.0001
13650.0000,0.0023,0.0003,0.0005
13660.0000,0.0003,0.0000,0.0001
13670.0000,0.0019,0.0002,0.0005
13671.8667,0.0002,0.0000,0.0000
13671.8750,0.0002,0.0000,0.0000
13690.0000,0.0018,0.0002,0.0005
13698.4500,0.0036,0.0007,0.0001
13698.4917,0.0028,0.0008,0.0001
13698.5500,0.0042,0.0006,0.0001
13700.0000,0.0002,0.0000,0.0001
13708.3750,0.0001,0.0000,0.0000
13710.0000,0.0015,0.0001,0.0005
13723.7583,0.0001,0.0000,0.0000
13730.0000,0.0012,0.0001,0.0003
13735.4667,0.0001,0.0000,0.0000
13739.6083,0.0024,0.0008,0.0004
13749.8000,0.0001,0.0001,0.0000
13750.0000,0.0020,0.0001,0.0000
13757.3667,0.0001,0.0001,0.0000
13759.9167,0.0000,0.0000,0.0000
13760.6250,0.0001,0.0000,0.0000
13764.6833,0.0001,0.0001,0.0001
13769.6500,0.0003,0.0000,0.0000
13770.0000,0.0008,0.0001,0.0002
13790.0000,0.0007,0.0000,0.0002
13800.0000,0.0004,0.0000,0.0001
13809.0333,0.0001,0.0000,0.0000
13810.0000,0.0007,0.0001,0.0002
13822.2917,0.0080,0.0021,0.0022
13823.0833,0.0005,0.0001,0.0001
13824.8833,0.0002,0.0001,0.0001
13830.0000,0.0008,0.0001,0.0002
13841.6083,0.0001,0.0000,0.0000
13841.6417,0.0001,0.0000,0.0000
13850.0000,0.0010,0.0001,0.0004
13859.7083,0.0026,0.0005,0.0000
13859.7250,0.0027,0.0007,0.0000
13859.8333,0.0026,0.0005,0.0001
13866.9000,0.0001,0.0000,0.0000
13867.1833,0.0001,0.0000,0.0000
13869.3750,0.0004,0.0002,0.0002
13870.0000,0.0010,0.0002,0.0003
13875.0000,0.0001,0.0000,0.0001
13885.6583,0.0004,0.0001,0.0000
13885.6917,0.0004,0.0001,0.0000
13890.0000,0.0010,0.0002,0.0003
13898.5500,0.0004,0.0001,0.0001
13900.0000,0.0003,0.0000,0.0001
13907.5083,0.0047,0.0002,0.0002
13910.0000,0.0008,0.0002,0.0003
13919.6417,0.0001,0.0000,0.0000
13920.8167,0.0001,0.0000,0.0000
13920.8250,0.0001,0.0000,0.0000
13925.0000,0.0002,0.0000,0.0000
13930.0000,0.0008,0.0002,0.0003
13942.4667,0.0019,0.0013,0.0003
13942.4917,0.0021,0.0014,0.0003
13950.0083,0.0010,0.0002,0.0003
13960.0083,0.0001,0.0000,0.0001
13970.0000,0.0010,0.0003,0.0003
13980.0000,0.0001,0.0000,0.0000
13990.0000,0.0010,0.0003,0.0003
14000.0000,0.0011,0.0004,0.0003
14010.0000,0.0011,0.0004,0.0004
14020.0000,0.0001,0.0000,0.0000
14025.0000,0.0002,0.0000,0.0001
14027.5417,0.0001,0.0001,0.0000
14030.0000,0.0012,0.0005,0.0004
14039.9667,0.0001,0.0000,0.0000
14040.0000,0.0001,0.0000,0.0000
14040.9250,0.0008,0.0002,0.0001
14050.0000,0.0012,0.0005,0.0004
14051.9917,0.0028,0.0007,0.0001
14052.1083,0.0030,0.0006,0.0002
14060.0000,0.0001,0.0001,0.0000
14068.2667,0.0001,0.0001,0.0000
14068.2833,0.0001,0.0001,0.0000
14070.0000,0.0011,0.0005,0.0004
14075.0083,0.0001,0.0000,0.0000
14090.0000,0.0011,0.0005,0.0004
14110.0000,0.0010,0.0005,0.0004
14114.9917,0.0001,0.0000,0.0000
14130.0000,0.0009,0.0005,0.0003
14135.0083,0.0000,0.0000,0.0000
14138.6583,0.0002,0.0001,0.0000
14150.0000,0.0007,0.0005,0.0003
14160.0083,0.0001,0.0001,0.0000
14164.9667,0.0005,0.0002,0.0000
14165.0167,0.0005,0.0002,0.0000
14165.0333,0.0005,0.0002,0.0000
14170.0000,0.0007,0.0005,0.0003
14174.9917,0.0001,0.0000,0.0000
14180.0000,0.0005,0.0001,0.0000
14180.0583,0.0005,0.0001,0.0000
14180.0833,0.0004,0.0001,0.0000
14190.0000,0.0006,0.0005,0.0003
14200.0000,0.0009,0.0003,0.0002
14204.1583,0.0002,0.0001,0.0001
14204.1750,0.0002,0.0001,0.0001
14205.3500,0.0003,0.0001,0.0000
14210.0000,0.0006,0.0005,0.0003
14220.0000,0.0001,0.0001,0.0000
14230.0000,0.0007,0.0005,0.0003
14232.0667,0.0001,0.0001,0.0000
14232.0833,0.0001,0.0001,0.0000
14250.0000,0.0007,0.0006,0.0003
14255.0083,0.0001,0.0001,0.0000
14270.0000,0.0008,0.0007,0.0004
14274.7417,0.0013,0.0004,0.0001
14274.8583,0.0013,0.0003,0.0002
14275.0000,0.0001,0.0001,0.0000
14281.0250,0.0021,0.0004,0.0001
14281.0333,0.0021,0.0005,0.0001
14281.1417,0.0020,0.0003,0.0002
14288.5417,0.0003,0.0001,0.0000
14290.0000,0.0009,0.0007,0.0004
14295.0083,0.0001,0.0001,0.0000
14297.0333,0.0001,0.0000,0.0000
14301.9167,0.0001,0.0000,0.0000
14310.0000,0.0009,0.0007,0.0004
14320.0000,0.0002,0.0001,0.0001
14325.0083,0.0000,0.0000,0.0000
14335.0250,0.0001,0.0000,0.0000
14337.9250,0.0001,0.0001,0.0000
14340.0000,0.0001,0.0001,0.0000
14350.0000,0.0007,0.0006,0.0004
14360.0000,0.0001,0.0001,0.0000
14364.3750,0.0249,0.0062,0.0025
14364.4583,0.0142,0.0040,0.0024
14380.0000,0.0001,0.0001,0.0001
14398.4167,0.0022,0.0004,0.0000
14398.4417,0.0019,0.0005,0.0000
14398.5250,0.0022,0.0003,0.0001
14398.5333,0.0023,0.0003,0.0001
14414.9917,0.0001,0.0001,0.0000
14416.6167,0.0001,0.0000,0.0000
14416.6250,0.0001,0.0000,0.0000
14417.2167,0.0074,0.0009,0.0005
14417.2333,0.0077,0.0009,0.0005
14417.3167,0.0050,0.0010,0.0004
14420.0000,0.0001,0.0001,0.0000
14433.3167,0.0001,0.0000,0.0000
14443.7750,0.0001,0.0001,0.0000
14450.2833,0.0003,0.0000,0.0000
14495.0000,0.0001,0.0001,0.0000
14524.7667,0.0009,0.0002,0.0000
14524.7833,0.0009,0.0002,0.0000
14524.8917,0.0007,0.0001,0.0000
14550.0000,0.0008,0.0006,0.0003
14551.2500,0.0011,0.0002,0.0000
14551.3667,0.0007,0.0001,0.0000
14563.1167,0.0001,0.0000,0.0000
14563.1333,0.0001,0.0000,0.0000
14571.5083,0.0011,0.0002,0.0001
14571.5333,0.0010,0.0003,0.0001
14571.6333,0.0010,0.0001,0.0001
14577.4667,0.0002,0.0000,0.0000
14577.5667,0.0001,0.0000,0.0000
14577.5833,0.0001,0.0000,0.0000
14605.9917,0.0001,0.0000,0.0000
14625.0000,0.0001,0.0001,0.0000
14634.1750,0.0019,0.0004,0.0001
14634.2583,0.0026,0.0006,0.0001
14634.2750,0.0025,0.0006,0.0001
14669.9250,0.0024,0.0011,0.0001
14670.0000,0.0022,0.0018,0.0005
14670.0583,0.0065,0.0031,0.0002
14670.0833,0.0070,0.0028,0.0001
14718.4500,0.0000,0.0000,0.0000
14718.4750,0.0001,0.0000,0.0000
14729.3667,0.0003,0.0000,0.0000
14747.6917,0.0003,0.0001,0.0000
14747.7667,0.0003,0.0001,0.0000
14750.0000,0.0010,0.0008,0.0004
14756.6167,0.0001,0.0001,0.0000
14756.6333,0.0001,0.0001,0.0000
14772.4167,0.0044,0.0006,0.0001
14772.4667,0.0039,0.0005,0.0001
14775.0000,0.0001,0.0000,0.0000
14821.6500,0.0005,0.0002,0.0001
14821.6750,0.0005,0.0003,0.0001
14821.7583,0.0007,0.0002,0.0001
14826.6583,0.0014,0.0003,0.0001
14826.6750,0.0013,0.0003,0.0001
14826.7750,0.0015,0.0002,0.0001
14827.9250,0.0001,0.0000,0.0000
14827.9583,0.0001,0.0000,0.0000
14834.3917,0.0004,0.0001,0.0000
14854.1167,0.0001,0.0000,0.0000
14886.5667,0.0001,0.0000,0.0000
14899.0667,0.0005,0.0002,0.0001
14899.0917,0.0004,0.0002,0.0001
14899.1750,0.0006,0.0002,0.0001
14900.6500,0.0001,0.0000,0.0000
14904.6167,0.0001,0.0000,0.0000
14904.6333,0.0001,0.0000,0.0000
14913.1500,0.0001,0.0001,0.0001
14919.1667,0.0001,0.0000,0.0000
14936.5667,0.0001,0.0000,0.0000
14936.5917,0.0001,0.0000,0.0000
14955.8667,0.0004,0.0000,0.0000
14955.8750,0.0004,0.0000,0.0000
14964.7083,0.0004,0.0001,0.0001
14967.8000,0.0001,0.0000,0.0000
14973.7417,0.0007,0.0002,0.0001
14973.7750,0.0005,0.0002,0.0001
14973.8583,0.0007,0.0002,0.0001
14974.9583,0.0004,0.0001,0.0000
14975.1000,0.0584,0.0212,0.0084
14975.2000,0.0581,0.0177,0.0083
14975.3750,0.0002,0.0000,0.0000
14984.7333,0.0003,0.0001,0.0000
14984.8167,0.0002,0.0001,0.0000
14984.8500,0.0003,0.0001,0.0000
14995.2167,0.0001,0.0000,0.0000
14995.2250,0.0001,0.0000,0.0000
14995.8083,0.0001,0.0000,0.0000
15014.5583,0.0006,0.0004,0.0001
15017.3667,0.0001,0.0000,0.0000
15019.4667,0.0001,0.0000,0.0000
15019.5000,0.0001,0.0000,0.0000
15019.8167,0.0001,0.0000,0.0000
15019.8333,0.0001,0.0000,0.0000
15042.3583,0.0011,0.0003,0.0001
15042.3833,0.0009,0.0003,0.0001
15042.4750,0.0013,0.0002,0.0001
15051.1333,0.0001,0.0000,0.0000
15051.7500,0.0001,0.0000,0.0000
15051.7750,0.0001,0.0000,0.0000
15053.0250,0.0008,0.0003,0.0001
15053.0333,0.0007,0.0004,0.0001
15053.1250,0.0009,0.0003,0.0001
15064.3083,0.0003,0.0001,0.0000
15064.3250,0.0003,0.0001,0.0000
15064.4167,0.0003,0.0001,0.0000
15064.4333,0.0003,0.0001,0.0000
15074.9917,0.0001,0.0001,0.0000
15079.6167,0.0001,0.0001,0.0000
15080.9167,0.0023,0.0003,0.0000
15080.9417,0.0020,0.0004,0.0000
15081.0417,0.0020,0.0003,0.0001
15099.9250,0.0014,0.0009,0.0000
15099.9333,0.0014,0.0010,0.0000
15100.0000,0.0052,0.0019,0.0001
15100.0417,0.0078,0.0037,0.0000
15100.1083,0.0033,0.0019,0.0000
15100.1417,0.0031,0.0025,0.0000
15125.0000,0.0027,0.0020,0.0024
15128.4667,0.0001,0.0000,0.0000
15128.4750,0.0001,0.0000,0.0000
15131.2333,0.0785,0.0322,0.0108
15131.3333,0.1043,0.0315,0.0119
15131.5083,0.0003,0.0001,0.0000
15136.1417,0.0002,0.0001,0.0000
15136.9917,0.0001,0.0001,0.0000
15140.4583,0.0033,0.0003,0.0000
15140.5750,0.0020,0.0002,0.0000
15142.9417,0.0281,0.0086,0.0019
15143.0583,0.0243,0.0078,0.0019
15144.8833,0.0058,0.0008,0.0001
15145.0000,0.0021,0.0003,0.0002
15145.1167,0.0044,0.0004,0.0001
15147.8083,0.0006,0.0002,0.0000
15147.9167,0.0007,0.0002,0.0000
15150.0000,0.0005,0.0001,0.0001
15150.6667,0.0002,0.0000,0.0000
15158.7250,0.0213,0.0079,0.0003
15158.8083,0.0165,0.0067,0.0006
15158.8417,0.0215,0.0059,0.0005
15166.3000,0.0001,0.0000,0.0000
15175.0000,0.0001,0.0001,0.0000
15180.3083,0.0012,0.0003,0.0001
15180.3250,0.0011,0.0003,0.0001
15180.4250,0.0006,0.0001,0.0001
15180.4333,0.0006,0.0001,0.0001
15229.5583,0.0004,0.0001,0.0000
15229.5833,0.0003,0.0001,0.0000
15234.3750,0.0001,0.0000,0.0000
15237.0750,0.0001,0.0000,0.0000
15250.0000,0.0004,0.0002,0.0002
15253.6917,0.0090,0.0016,0.0008
15260.0000,0.0002,0.0001,0.0000
15266.4583,0.0001,0.0000,0.0000
15272.3417,0.0023,0.0004,0.0002
15272.4583,0.0021,0.0003,0.0002
15280.0000,0.0001,0.0001,0.0000
15310.6583,0.0376,0.0108,0.0010
15310.6750,0.0401,0.0130,0.0010
15310.7917,0.0417,0.0119,0.0024
15320.0000,0.0001,0.0001,0.0000
15360.0000,0.0001,0.0001,0.0000
15362.5000,0.0001,0.0000,0.0000
15364.1667,0.0002,0.0000,0.0000
15364.5667,0.0003,0.0002,0.0001
15380.0000,0.0002,0.0001,0.0000
15389.3833,0.0001,0.0000,0.0000
15389.7917,0.0001,0.0000,0.0000
15390.0000,0.0006,0.0005,0.0001
15414.4167,0.0004,0.0000,0.0000
15414.4667,0.0003,0.0001,0.0000
15414.4750,0.0003,0.0001,0.0000
15430.0000,0.0004,0.0003,0.0001
15439.8833,0.0002,0.0001,0.0000
15439.9500,0.0002,0.0002,0.0000
15450.0000,0.0008,0.0004,0.0002
15454.9917,0.0001,0.0001,0.0000
15460.3083,0.0006,0.0001,0.0000
15462.7167,0.0011,0.0002,0.0000
15475.0000,0.0001,0.0000,0.0000
15490.0000,0.0003,0.0002,0.0001
15495.7000,0.0001,0.0000,0.0000
15495.7583,0.0001,0.0001,0.0000
15500.0000,0.0003,0.0002,0.0001
15504.7083,0.0000,0.0000,0.0000
15504.7583,0.0001,0.0000,0.0000
15504.8083,0.0000,0.0000,0.0000
15510.0000,0.0004,0.0002,0.0001
15520.0000,0.0002,0.0001,0.0000
15530.0000,0.0003,0.0002,0.0001
15540.0000,0.0003,0.0001,0.0000
15550.0000,0.0005,0.0002,0.0001
15556.1583,0.0002,0.0000,0.0000
15556.1750,0.0002,0.0000,0.0000
15556.2583,0.0001,0.0000,0.0000
15560.0000,0.0002,0.0001,0.0001
15568.0250,0.0001,0.0000,0.0000
15570.0000,0.0003,0.0001,0.0001
15571.8167,0.0004,0.0001,0.0001
15571.8250,0.0004,0.0001,0.0001
15580.0000,0.0002,0.0001,0.0001
15581.6667,0.0010,0.0004,0.0002
15581.7000,0.0011,0.0004,0.0002
15590.0000,0.0003,0.0001,0.0001
15600.0000,0.0006,0.0002,0.0001
15605.6667,0.0020,0.0010,0.0007
15605.6833,0.0020,0.0009,0.0007
15610.0000,0.0003,0.0001,0.0001
15620.0000,0.0004,0.0002,0.0001
15630.0000,0.0002,0.0001,0.0000
15633.4917,0.0023,0.0005,0.0002
15640.0000,0.0003,0.0003,0.0001
15644.3083,0.0003,0.0003,0.0002
15650.0000,0.0002,0.0001,0.0000
15660.0000,0.0003,0.0003,0.0001
15675.0000,0.0001,0.0000,0.0000
15719.6583,0.0002,0.0001,0.0000
15719.6750,0.0002,0.0001,0.0000
15720.0000,0.0003,0.0002,0.0000
15731.1333,0.0015,0.0003,0.0001
15731.2500,0.0013,0.0002,0.0001
15738.9250,0.0028,0.0011,0.0007
15742.1917,0.0001,0.0000,0.0000
15745.2000,0.0004,0.0001,0.0001
15745.2250,0.0004,0.0001,0.0001
15745.2833,0.0003,0.0001,0.0001
15754.2333,0.0006,0.0002,0.0002
15754.3167,0.0005,0.0001,0.0001
15769.9917,0.0001,0.0001,0.0000
15775.0000,0.0001,0.0001,0.0000
15778.0000,0.0001,0.0000,0.0000
15780.0000,0.0004,0.0003,0.0001
15795.0000,0.0001,0.0001,0.0000
15810.0000,0.0002,0.0001,0.0000
15815.0000,0.0002,0.0001,0.0000
15818.9250,0.0023,0.0004,0.0001
15818.9333,0.0023,0.0004,0.0001
15819.0583,0.0016,0.0002,0.0001
15820.0000,0.0006,0.0005,0.0001
15830.0000,0.0002,0.0001,0.0000
15835.0000,0.0002,0.0001,0.0000
15840.0000,0.0006,0.0005,0.0001
15850.0000,0.0004,0.0003,0.0001
15860.0000,0.0007,0.0005,0.0001
15870.0000,0.0002,0.0001,0.0000
15879.5583,0.0002,0.0001,0.0001
15880.0000,0.0007,0.0005,0.0001
15885.4083,0.0020,0.0008,0.0006
15885.4333,0.0021,0.0008,0.0005
15890.0000,0.0002,0.0001,0.0000
15894.0250,0.0001,0.0000,0.0000
15895.0000,0.0003,0.0002,0.0000
15910.0000,0.0002,0.0001,0.0000
15920.0000,0.0006,0.0004,0.0001
15930.0000,0.0002,0.0001,0.0000
15935.0000,0.0001,0.0001,0.0000
15939.2167,0.0002,0.0001,0.0000
15939.2500,0.0002,0.0001,0.0000
15939.3333,0.0001,0.0001,0.0000
15940.0000,0.0005,0.0004,0.0001
15960.0000,0.0005,0.0003,0.0001
15970.0000,0.0002,0.0001,0.0000
15980.0000,0.0005,0.0004,0.0001
15990.0000,0.0003,0.0001,0.0000
16000.0000,0.0010,0.0003,0.0002
16010.0000,0.0003,0.0001,0.0000
16015.0083,0.0001,0.0001,0.0000
16015.6167,0.0002,0.0001,0.0000
16015.6250,0.0002,0.0001,0.0000
16020.0000,0.0004,0.0003,0.0001
16030.0000,0.0002,0.0002,0.0001
16032.2417,0.0005,0.0001,0.0000
16032.3667,0.0003,0.0000,0.0000
16032.9000,0.0007,0.0001,0.0000
16033.0250,0.0006,0.0001,0.0000
16040.0000,0.0004,0.0003,0.0001
16050.0000,0.0006,0.0003,0.0001
16070.0000,0.0003,0.0002,0.0001
16075.0000,0.0001,0.0001,0.0000
16080.0000,0.0002,0.0002,0.0000
16090.0000,0.0003,0.0002,0.0000
16091.1583,0.0001,0.0000,0.0000
16091.1750,0.0001,0.0000,0.0000
16091.2917,0.0001,0.0000,0.0000
16106.9500,0.0003,0.0001,0.0000
16107.0667,0.0001,0.0001,0.0000
16108.9167,0.0006,0.0001,0.0000
16109.0417,0.0005,0.0001,0.0000
16110.0000,0.0002,0.0002,0.0000
16118.6667,0.0007,0.0002,0.0001
16118.7250,0.0004,0.0003,0.0001
16125.0000,0.0003,0.0002,0.0002
16130.0000,0.0004,0.0002,0.0000
16170.0000,0.0003,0.0002,0.0001
16190.0000,0.0004,0.0002,0.0001
16198.2417,0.0000,0.0000,0.0000
16200.0000,0.0007,0.0003,0.0001
16210.0000,0.0004,0.0002,0.0001
16210.9417,0.0005,0.0002,0.0001
16220.0000,0.0003,0.0003,0.0001
16230.0000,0.0003,0.0002,0.0001
16240.0000,0.0003,0.0003,0.0001
16250.0000,0.0008,0.0005,0.0002
16253.2417,0.0008,0.0001,0.0000
16253.3667,0.0007,0.0001,0.0000
16260.0000,0.0004,0.0003,0.0001
16270.0000,0.0002,0.0002,0.0000
16274.8000,0.0003,0.0001,0.0000
16274.9167,0.0002,0.0001,0.0001
16280.0000,0.0004,0.0003,0.0001
16290.0000,0.0002,0.0002,0.0000
16295.0083,0.0001,0.0001,0.0000
16300.0000,0.0005,0.0003,0.0001
16320.0000,0.0003,0.0002,0.0001
16329.5000,0.0006,0.0001,0.0000
16329.6167,0.0003,0.0001,0.0000
16329.6250,0.0003,0.0001,0.0000
16340.0000,0.0003,0.0002,0.0000
16350.0000,0.0004,0.0003,0.0001
16351.4167,0.0003,0.0001,0.0000
16360.0000,0.0003,0.0002,0.0001
16380.0000,0.0003,0.0002,0.0001
16400.0000,0.0003,0.0002,0.0001
16406.2500,0.0002,0.0001,0.0000
16420.0000,0.0004,0.0002,0.0001
16425.0000,0.0002,0.0001,0.0000
16440.0000,0.0004,0.0002,0.0001
16459.2833,0.0013,0.0009,0.0005
16460.0000,0.0005,0.0002,0.0001
16470.0000,0.0001,0.0001,0.0000
16480.0000,0.0006,0.0002,0.0001
16490.0083,0.0001,0.0001,0.0000
16500.0000,0.0007,0.0002,0.0002
16510.0000,0.0001,0.0000,0.0000
16520.0000,0.0007,0.0002,0.0001
16530.0083,0.0001,0.0000,0.0000
16540.0000,0.0008,0.0002,0.0002
16550.0000,0.0007,0.0002,0.0001
16560.0000,0.0008,0.0003,0.0002
16570.0000,0.0001,0.0000,0.0000
16580.0000,0.0009,0.0003,0.0002
16590.0000,0.0001,0.0000,0.0000
16600.0000,0.0011,0.0003,0.0002
16601.5583,0.0002,0.0001,0.0000
16610.0000,0.0001,0.0000,0.0000
16615.0000,0.0001,0.0000,0.0000
16620.0000,0.0010,0.0002,0.0002
16625.0000,0.0001,0.0000,0.0000
16629.9917,0.0001,0.0000,0.0000
16635.0000,0.0001,0.0000,0.0000
16640.0000,0.0010,0.0002,0.0002
16644.0083,0.0002,0.0001,0.0000
16650.0000,0.0008,0.0001,0.0001
16660.0000,0.0009,0.0002,0.0002
16670.0000,0.0001,0.0000,0.0000
16680.0000,0.0009,0.0002,0.0002
16700.0000,0.0007,0.0001,0.0002
16720.0000,0.0007,0.0001,0.0002
16740.0000,0.0006,0.0001,0.0001
16748.2667,0.0001,0.0000,0.0000
16748.2750,0.0001,0.0000,0.0000
16750.0000,0.0003,0.0000,0.0001
16751.3417,0.0002,0.0000,0.0000
16760.0000,0.0005,0.0001,0.0001
16780.0000,0.0006,0.0001,0.0002
16800.0000,0.0008,0.0000,0.0002
16820.0000,0.0008,0.0001,0.0002
16840.0000,0.0008,0.0001,0.0002
16860.0000,0.0008,0.0001,0.0002
16864.6083,0.0046,0.0011,0.0007
16875.0000,0.0006,0.0001,0.0002
16880.0000,0.0009,0.0001,0.0003
16889.6750,0.0002,0.0001,0.0001
16900.0000,0.0008,0.0001,0.0002
16912.0583,0.0001,0.0001,0.0001
16920.0000,0.0008,0.0001,0.0003
16940.0000,0.0009,0.0001,0.0003
16947.2917,0.0038,0.0009,0.0012
16948.0917,0.0002,0.0000,0.0000
16950.0000,0.0008,0.0002,0.0002
16960.0000,0.0008,0.0001,0.0003
16965.0333,0.0001,0.0000,0.0000
16965.0750,0.0001,0.0000,0.0000
16965.1250,0.0001,0.0000,0.0000
16975.0083,0.0001,0.0000,0.0000
16980.0000,0.0006,0.0001,0.0002
16994.3750,0.0002,0.0001,0.0000
16995.0000,0.0001,0.0000,0.0000
17000.0000,0.0007,0.0001,0.0002
17020.0000,0.0004,0.0001,0.0002
17032.5083,0.0037,0.0001,0.0002
17040.0000,0.0003,0.0001,0.0001
17045.8083,0.0000,0.0000,0.0000
17050.0000,0.0001,0.0001,0.0001
17060.0000,0.0003,0.0001,0.0001
17080.0000,0.0003,0.0001,0.0001
17100.0000,0.0002,0.0001,0.0001
17120.0000,0.0003,0.0001,0.0001
17140.0000,0.0003,0.0001,0.0001
17150.0000,0.0002,0.0001,0.0001
17160.0000,0.0003,0.0001,0.0001
17180.0000,0.0004,0.0002,0.0002
17190.0000,0.0001,0.0000,0.0000
17200.0000,0.0004,0.0002,0.0002
17220.0000,0.0004,0.0002,0.0002
17240.0000,0.0005,0.0003,0.0002
17260.0000,0.0005,0.0003,0.0003
17280.0000,0.0006,0.0004,0.0003
17300.0000,0.0006,0.0005,0.0003
17310.0083,0.0001,0.0000,0.0000
17320.0000,0.0006,0.0005,0.0003
17325.0000,0.0001,0.0000,0.0000
17329.1500,0.0001,0.0001,0.0000
17329.9917,0.0001,0.0000,0.0000
17340.0000,0.0007,0.0005,0.0004
17342.4917,0.0010,0.0006,0.0005
17350.0000,0.0001,0.0001,0.0001
17360.0000,0.0007,0.0006,0.0004
17370.0000,0.0001,0.0000,0.0001
17373.4667,0.0003,0.0000,0.0000
17373.4833,0.0003,0.0000,0.0000
17380.0000,0.0007,0.0006,0.0004
17380.6250,0.0001,0.0001,0.0001
17390.0083,0.0001,0.0001,0.0001
17410.0000,0.0001,0.0001,0.0001
17425.1000,0.0001,0.0001,0.0001
17426.9083,0.0001,0.0001,0.0001
17430.0000,0.0001,0.0001,0.0001
17433.6167,0.0000,0.0000,0.0000
17468.6917,0.0042,0.0009,0.0001
17468.8167,0.0034,0.0008,0.0003
17470.0083,0.0001,0.0001,0.0001
17485.3250,0.0002,0.0001,0.0001
17489.3667,0.0004,0.0001,0.0000
17489.3833,0.0004,0.0001,0.0000
17509.9917,0.0001,0.0001,0.0000
17530.0000,0.0001,0.0001,0.0000
17541.6083,0.0001,0.0000,0.0000
17541.6333,0.0002,0.0000,0.0000
17568.7500,0.0000,0.0000,0.0000
17568.8000,0.0000,0.0000,0.0000
17568.8417,0.0001,0.0000,0.0000
17645.6750,0.0065,0.0005,0.0006
17645.8083,0.0064,0.0006,0.0004
17650.0000,0.0001,0.0000,0.0000
17664.9917,0.0025,0.0003,0.0004
17665.1167,0.0021,0.0002,0.0004
17669.1750,0.0005,0.0000,0.0000
17669.4667,0.0006,0.0000,0.0000
17669.5667,0.0005,0.0000,0.0001
17669.5750,0.0005,0.0000,0.0001
17688.1250,0.0001,0.0000,0.0000
17688.1333,0.0001,0.0000,0.0000
17690.1917,0.0010,0.0002,0.0001
17690.3167,0.0009,0.0001,0.0001
17725.0000,0.0001,0.0001,0.0001
17794.9333,0.0000,0.0000,0.0000
17854.3750,0.0003,0.0000,0.0000
17860.0083,0.0027,0.0007,0.0002
17860.1417,0.0020,0.0002,0.0003
17979.1083,0.0002,0.0000,0.0000
6370.2750,0.0002,0.0001,0.0000
6375.2000,0.0000,0.0000,0.0000
6393.2583,0.0000,0.0000,0.0000
6485.5833,0.0001,0.0000,0.0000
6504.7167,0.0001,0.0001,0.0000
6527.1750,0.0001,0.0000,0.0000
6655.3000,0.0000,0.0000,0.0000
6738.0167,0.0001,0.0000,0.0000
6818.1000,0.0001,0.0000,0.0000
6955.8500,0.0001,0.0000,0.0000
6990.8833,0.0000,0.0000,0.0000
6993.8250,0.0001,0.0000,0.0000
7114.8333,0.0000,0.0000,0.0000
7134.7667,0.0000,0.0000,0.0000
7158.9500,0.0001,0.0000,0.0000
7348.7500,0.0000,0.0000,0.0000
7355.8667,0.0001,0.0001,0.0000
7355.8750,0.0001,0.0001,0.0000
7462.8083,0.0001,0.0000,0.0000
7503.1417,0.0002,0.0000,0.0000
7515.7667,0.0004,0.0000,0.0000
7532.3167,0.0002,0.0001,0.0000
7573.3500,0.0001,0.0001,0.0000
7584.6167,0.0000,0.0000,0.0000
7598.6167,0.0001,0.0000,0.0000
7598.9667,0.0000,0.0000,0.0000
7603.0833,0.0002,0.0000,0.0000
7607.3750,0.0002,0.0000,0.0000
7618.9500,0.0001,0.0000,0.0000
7658.7583,0.0000,0.0000,0.0000
7658.7833,0.0000,0.0000,0.0000
7661.2500,0.0001,0.0000,0.0000
7661.2750,0.0001,0.0000,0.0000
7753.1500,0.0001,0.0000,0.0000
7753.9167,0.0001,0.0000,0.0000
7768.3833,0.0001,0.0000,0.0000
7882.5917,0.0001,0.0000,0.0000
7899.6333,0.0001,0.0001,0.0000
7972.0833,0.0000,0.0000,0.0000
8005.3417,0.0000,0.0000,0.0000
8050.3250,0.0001,0.0000,0.0000
8053.2917,0.0001,0.0000,0.0000
8116.6417,0.0001,0.0000,0.0000
8167.2333,0.0001,0.0001,0.0000
8250.1750,0.0001,0.0000,0.0000
8344.5333,0.0011,0.0003,0.0000
8344.6417,0.0005,0.0002,0.0000
8395.4167,0.0001,0.0000,0.0000
8399.3750,0.0001,0.0000,0.0000
8403.4583,0.0001,0.0000,0.0000
8435.6000,0.0001,0.0000,0.0000
8451.0083,0.0001,0.0000,0.0000
8453.5083,0.0001,0.0000,0.0000
8468.4500,0.0001,0.0000,0.0000
8496.3917,0.0005,0.0002,0.0000
8496.4250,0.0004,0.0002,0.0000
8586.7583,0.0002,0.0000,0.0000
8617.2000,0.0001,0.0000,0.0000
8626.4083,0.0001,0.0000,0.0000
8659.5250,0.0001,0.0000,0.0000
8659.5417,0.0001,0.0000,0.0000
8685.6417,0.0001,0.0000,0.0000
8685.7250,0.0000,0.0000,0.0000
8685.7417,0.0000,0.0000,0.0000
8687.7750,0.0001,0.0000,0.0000
8698.0583,0.0002,0.0000,0.0000
8756.5250,0.0007,0.0002,0.0000
8756.5500,0.0006,0.0002,0.0000
8756.6333,0.0005,0.0001,0.0000
8768.0833,0.0001,0.0000,0.0000
8769.4500,0.0001,0.0001,0.0000
8769.5000,0.0001,0.0000,0.0000
8776.2250,0.0001,0.0000,0.0000
8776.2417,0.0001,0.0000,0.0000
8798.6167,0.0001,0.0000,0.0000
8810.5167,0.0001,0.0000,0.0000
8837.8917,0.0000,0.0000,0.0000
8851.2917,0.0001,0.0000,0.0000
8851.5417,0.0000,0.0000,0.0000
8885.7083,0.0001,0.0000,0.0000
8885.7333,0.0001,0.0000,0.0000
8911.8250,0.0000,0.0000,0.0000
8931.5583,0.0002,0.0001,0.0000
8953.7667,0.0000,0.0000,0.0000
8954.9917,0.0000,0.0000,0.0000
8983.0917,0.0001,0.0000,0.0000
9001.3833,0.0006,0.0002,0.0000
9001.6083,0.0002,0.0000,0.0000
9022.6500,0.0001,0.0000,0.0000
9099.1167,0.0001,0.0000,0.0000
9105.7167,0.0002,0.0000,0.0000
9136.7667,0.0001,0.0001,0.0000
9136.7833,0.0001,0.0001,0.0000
9139.4167,0.0001,0.0000,0.0000
9139.7917,0.0001,0.0001,0.0000
9254.7167,0.0001,0.0000,0.0000
9272.3833,0.0002,0.0001,0.0000
9272.7250,0.0001,0.0001,0.0000
9350.6167,0.0000,0.0000,0.0000
9374.6000,0.0000,0.0000,0.0000
9395.3750,0.0001,0.0000,0.0000
9495.6417,0.0001,0.0000,0.0000
9500.2333,0.0000,0.0000,0.0000
9695.0000,0.0000,0.0000,0.0000
9709.4333,0.0001,0.0001,0.0000
9709.6583,0.0003,0.0001,0.0000
9709.7000,0.0002,0.0001,0.0000
9709.7667,0.0001,0.0000,0.0000
9734.5167,0.0003,0.0000,0.0000
9734.5500,0.0002,0.0000,0.0000
9734.9833,0.0001,0.0001,0.0000
9735.0917,0.0000,0.0000,0.0000
9749.7000,0.0001,0.0000,0.0000
9753.1500,0.0002,0.0000,0.0000
9771.0583,0.0003,0.0000,0.0000
9771.0750,0.0003,0.0000,0.0000
9795.0000,0.0001,0.0001,0.0000
9805.9500,0.0001,0.0000,0.0000
9857.0583,0.0001,0.0000,0.0000
9887.8750,0.0001,0.0000,0.0000
9892.3083,0.0000,0.0000,0.0000
9924.2500,0.0002,0.0000,0.0000
9924.2833,0.0002,0.0000,0.0000
9939.0500,0.0001,0.0000,0.0000
9944.2083,0.0002,0.0000,0.0000
9948.8750,0.0001,0.0000,0.0000
9952.5500,0.0001,0.0000,0.0000
9961.4417,0.0000,0.0000,0.0000
9962.1167,0.0001,0.0000,0.0000
9962.1417,0.0001,0.0000,0.0000
9962.2250,0.0001,0.0000,0.0000
9977.8750,0.0001,0.0000,0.0000
9985.9667,0.0000,0.0000,0.0000
9991.3583,0.0004,0.0000,0.0000
10028.6833,0.0002,0.0001,0.0000
10053.9750,0.0001,0.0000,0.0000
10057.7000,0.0000,0.0000,0.0000
10058.0917,0.0002,0.0000,0.0000
10063.4083,0.0000,0.0000,0.0000
10063.4417,0.0000,0.0000,0.0000
10072.5417,0.0001,0.0000,0.0000
10099.6917,0.0000,0.0000,0.0000
10140.2667,0.0000,0.0000,0.0000
10161.6667,0.0001,0.0001,0.0000
10161.6750,0.0001,0.0001,0.0000
10200.7667,0.0001,0.0000,0.0000
10228.6167,0.0001,0.0000,0.0000
10228.6417,0.0001,0.0000,0.0000
10231.4250,0.0001,0.0001,0.0000
10254.5250,0.0000,0.0000,0.0000
10254.5333,0.0000,0.0000,0.0000
10275.0000,0.0001,0.0001,0.0000
10312.2667,0.0001,0.0000,0.0000
10353.2667,0.0001,0.0001,0.0000
10353.3917,0.0000,0.0000,0.0000
10354.9667,0.0000,0.0000,0.0000
10385.3250,0.0001,0.0000,0.0000
10385.3333,0.0001,0.0000,0.0000
10404.7333,0.0001,0.0000,0.0000
10404.8500,0.0001,0.0000,0.0000
10433.8500,0.0001,0.0000,0.0000
10433.8750,0.0001,0.0000,0.0000
10442.6250,0.0002,0.0000,0.0000
10442.6333,0.0002,0.0000,0.0000
10451.2500,0.0000,0.0000,0.0000
10453.4167,0.0002,0.0001,0.0000
10456.7750,0.0001,0.0001,0.0000
10485.2083,0.0001,0.0000,0.0000
10485.2333,0.0000,0.0000,0.0000
10555.9833,0.0002,0.0000,0.0000
10567.3167,0.0001,0.0000,0.0000
10573.4583,0.0001,0.0000,0.0000
10573.4833,0.0001,0.0000,0.0000
10629.7167,0.0001,0.0000,0.0000
10631.0250,0.0001,0.0000,0.0000
10662.5667,0.0001,0.0000,0.0000
10709.2500,0.0000,0.0000,0.0000
10709.2750,0.0000,0.0000,0.0000
10734.7250,0.0001,0.0000,0.0000
10734.7417,0.0001,0.0000,0.0000
10735.4667,0.0001,0.0000,0.0000
10735.4833,0.0001,0.0000,0.0000
10792.3917,0.0005,0.0000,0.0000
10808.4000,0.0001,0.0001,0.0000
10851.3667,0.0002,0.0001,0.0000
10851.3750,0.0002,0.0001,0.0000
10919.9917,0.0001,0.0001,0.0000
10924.8083,0.0001,0.0000,0.0000
10924.8333,0.0001,0.0000,0.0000
10961.4667,0.0001,0.0001,0.0000
10961.5667,0.0001,0.0000,0.0000
10961.9667,0.0003,0.0002,0.0000
11016.4500,0.0001,0.0000,0.0000
11078.9917,0.0000,0.0000,0.0000
11131.1000,0.0000,0.0000,0.0000
11148.3167,0.0001,0.0000,0.0000
11156.1500,0.0000,0.0000,0.0000
11159.0583,0.0001,0.0000,0.0000
11159.0750,0.0001,0.0000,0.0000
11292.2333,0.0002,0.0000,0.0000
11292.3667,0.0007,0.0002,0.0000
11292.3917,0.0006,0.0002,0.0000
11292.4833,0.0001,0.0001,0.0000
11307.7250,0.0001,0.0001,0.0000
11307.7333,0.0001,0.0001,0.0000
11383.3833,0.0001,0.0000,0.0000
11445.5250,0.0002,0.0000,0.0000
11445.5333,0.0002,0.0000,0.0000
11544.9167,0.0000,0.0000,0.0000
11545.0667,0.0002,0.0001,0.0000
11545.0750,0.0002,0.0001,0.0000
11592.2500,0.0001,0.0001,0.0000
11592.3750,0.0001,0.0001,0.0000
11605.0000,0.0000,0.0000,0.0000
11642.0417,0.0000,0.0000,0.0000
11673.9917,0.0001,0.0000,0.0000
11745.8417,0.0001,0.0000,0.0000
11764.9917,0.0000,0.0000,0.0000
11824.4750,0.0001,0.0000,0.0000
11847.3333,0.0001,0.0000,0.0000
11852.9583,0.0003,0.0001,0.0000
11863.8333,0.0000,0.0000,0.0000
11925.0000,0.0001,0.0001,0.0000
11981.6583,0.0001,0.0001,0.0000
11994.0333,0.0001,0.0000,0.0000
11994.1500,0.0003,0.0002,0.0000
11994.2417,0.0002,0.0001,0.0000
12000.3583,0.0000,0.0000,0.0000
12106.8250,0.0001,0.0001,0.0000
12107.0167,0.0003,0.0002,0.0000
12132.7667,0.0007,0.0002,0.0000
12132.7750,0.0006,0.0002,0.0000
12132.8667,0.0005,0.0001,0.0000
12141.6833,0.0000,0.0000,0.0000
12155.1167,0.0001,0.0001,0.0000
12155.1417,0.0001,0.0001,0.0000
12155.5000,0.0002,0.0001,0.0000
12245.0083,0.0000,0.0000,0.0000
12320.9583,0.0020,0.0006,0.0000
12321.0500,0.0014,0.0003,0.0000
12364.7250,0.0002,0.0001,0.0000
12364.7500,0.0001,0.0001,0.0000
12364.8333,0.0001,0.0000,0.0000
12405.3917,0.0001,0.0000,0.0000
12432.3500,0.0000,0.0000,0.0000
12432.4583,0.0000,0.0000,0.0000
12451.1667,0.0001,0.0000,0.0000
12485.0083,0.0001,0.0000,0.0000
12485.0917,0.0001,0.0000,0.0000
12485.5250,0.0001,0.0000,0.0000
12485.5417,0.0000,0.0000,0.0000
12498.3167,0.0000,0.0000,0.0000
12498.3750,0.0002,0.0000,0.0000
12498.5083,0.0001,0.0000,0.0000
12498.6167,0.0000,0.0000,0.0000
12498.7667,0.0000,0.0000,0.0000
12498.8667,0.0001,0.0000,0.0000
12500.9833,0.0000,0.0000,0.0000
12501.1833,0.0000,0.0000,0.0000
12501.3833,0.0000,0.0000,0.0000
12501.4833,0.0000,0.0000,0.0000
12502.5333,0.0000,0.0000,0.0000
12560.0000,0.0000,0.0000,0.0000
12560.8417,0.0000,0.0000,0.0000
12582.6667,0.0001,0.0000,0.0000
12582.6833,0.0001,0.0000,0.0000
12583.9250,0.0001,0.0000,0.0000
12583.9500,0.0001,0.0001,0.0000
12584.5250,0.0002,0.0001,0.0000
12584.5500,0.0002,0.0001,0.0000
12584.6417,0.0001,0.0001,0.0000
12588.1583,0.0001,0.0000,0.0000
12588.1917,0.0000,0.0000,0.0000
12614.2083,0.0001,0.0000,0.0000
12615.0083,0.0001,0.0000,0.0000
12617.1833,0.0007,0.0001,0.0000
12633.3500,0.0001,0.0000,0.0000
12655.0000,0.0001,0.0001,0.0000
12658.1250,0.0001,0.0000,0.0000
12658.1333,0.0001,0.0000,0.0000
12658.7333,0.0003,0.0001,0.0000
12658.8417,0.0001,0.0000,0.0000
12667.9000,0.0001,0.0000,0.0000
12723.8167,0.0001,0.0000,0.0000
12760.1000,0.0001,0.0000,0.0000
12929.6917,0.0000,0.0000,0.0000
12934.8333,0.0003,0.0001,0.0000
12934.9333,0.0003,0.0001,0.0000
12935.5333,0.0001,0.0000,0.0000
12966.1750,0.0001,0.0000,0.0000
12968.7667,0.0000,0.0000,0.0000
12975.0000,0.0002,0.0000,0.0000
12980.4750,0.0001,0.0000,0.0000
12981.9583,0.0001,0.0000,0.0000
13027.3333,0.0000,0.0000,0.0000
13113.0583,0.0002,0.0001,0.0000
13232.4083,0.0000,0.0000,0.0000
13270.9167,0.0001,0.0000,0.0000
13303.4083,0.0002,0.0000,0.0000
13446.4250,0.0003,0.0001,0.0000
13446.4417,0.0003,0.0001,0.0000
13446.5333,0.0001,0.0000,0.0000
13604.1917,0.0001,0.0000,0.0000
13679.6333,0.0001,0.0000,0.0000
13749.8250,0.0001,0.0001,0.0000
13760.9167,0.0001,0.0000,0.0000
13770.1500,0.0001,0.0001,0.0000
13817.7750,0.0001,0.0000,0.0000
13817.9917,0.0002,0.0001,0.0000
13818.0917,0.0001,0.0000,0.0000
13818.5250,0.0002,0.0000,0.0000
13818.5417,0.0002,0.0000,0.0000
13841.8083,0.0001,0.0000,0.0000
13865.9000,0.0001,0.0000,0.0000
13901.6583,0.0001,0.0000,0.0000
13901.7000,0.0001,0.0000,0.0000
13933.2083,0.0001,0.0001,0.0000
13933.3250,0.0000,0.0000,0.0000
13933.4917,0.0004,0.0001,0.0000
13933.6083,0.0002,0.0001,0.0000
13942.6583,0.0001,0.0000,0.0000
14027.5833,0.0002,0.0001,0.0000
14062.2250,0.0008,0.0002,0.0000
14062.3167,0.0004,0.0001,0.0000
14062.3417,0.0004,0.0001,0.0000
14092.3083,0.0003,0.0001,0.0000
14092.3417,0.0003,0.0001,0.0000
14092.3917,0.0003,0.0001,0.0000
14119.5833,0.0003,0.0001,0.0000
14119.6833,0.0001,0.0000,0.0000
14138.7083,0.0003,0.0001,0.0000
14167.0500,0.0002,0.0000,0.0000
14167.0750,0.0002,0.0000,0.0000
14178.0167,0.0002,0.0000,0.0000
14270.9500,0.0001,0.0000,0.0000
14270.9917,0.0001,0.0000,0.0000
14279.6833,0.0000,0.0000,0.0000
14284.8333,0.0001,0.0000,0.0000
14284.9417,0.0001,0.0000,0.0000
14287.6500,0.0000,0.0000,0.0000
14308.6250,0.0001,0.0000,0.0000
14319.0500,0.0002,0.0001,0.0000
14319.1417,0.0001,0.0000,0.0000
14319.7417,0.0005,0.0002,0.0000
14319.8500,0.0002,0.0001,0.0000
14360.4167,0.0001,0.0000,0.0000
14361.1167,0.0003,0.0001,0.0000
14361.2167,0.0001,0.0001,0.0000
14361.2250,0.0001,0.0001,0.0000
14397.3167,0.0004,0.0000,0.0000
14397.3333,0.0003,0.0000,0.0000
14450.1583,0.0005,0.0001,0.0000
14450.1750,0.0005,0.0001,0.0000
14451.5167,0.0003,0.0000,0.0000
14451.5417,0.0003,0.0000,0.0000
14451.6083,0.0002,0.0000,0.0000
14451.6417,0.0003,0.0000,0.0000
14461.6500,0.0001,0.0000,0.0000
14461.7500,0.0005,0.0001,0.0000
14461.8500,0.0002,0.0001,0.0000
14520.8750,0.0001,0.0000,0.0000
14531.8167,0.0001,0.0000,0.0000
14531.8667,0.0000,0.0000,0.0000
14541.0000,0.0002,0.0001,0.0000
14541.0750,0.0003,0.0001,0.0000
14603.4667,0.0009,0.0001,0.0000
14603.5000,0.0010,0.0001,0.0000
14603.6083,0.0005,0.0000,0.0000
14645.2000,0.0001,0.0000,0.0000
14670.1917,0.0019,0.0012,0.0000
14683.5750,0.0001,0.0000,0.0000
14683.6417,0.0001,0.0000,0.0000
14683.6750,0.0002,0.0000,0.0000
14718.3750,0.0000,0.0000,0.0000
14725.0083,0.0001,0.0000,0.0000
14735.0000,0.0001,0.0000,0.0000
14763.4167,0.0001,0.0001,0.0000
14763.4333,0.0001,0.0001,0.0000
14766.4833,0.0001,0.0001,0.0000
14796.4583,0.0000,0.0000,0.0000
14834.4417,0.0003,0.0001,0.0000
14834.4917,0.0005,0.0001,0.0000
14851.2250,0.0002,0.0001,0.0000
14886.6083,0.0001,0.0000,0.0000
14907.5000,0.0002,0.0000,0.0000
14940.9250,0.0001,0.0000,0.0000
14940.9333,0.0001,0.0000,0.0000
14974.9167,0.0001,0.0000,0.0000
14988.5750,0.0001,0.0001,0.0000
14988.6917,0.0000,0.0000,0.0000
14995.8250,0.0001,0.0000,0.0000
14999.6333,0.0002,0.0001,0.0000
14999.7500,0.0001,0.0001,0.0000
15075.7833,0.0002,0.0001,0.0000
15075.8750,0.0001,0.0001,0.0000
15079.6333,0.0002,0.0001,0.0000
15079.7500,0.0002,0.0001,0.0000
15087.9000,0.0000,0.0000,0.0000
15094.9833,0.0001,0.0000,0.0000
15104.4583,0.0001,0.0000,0.0000
15116.1917,0.0003,0.0001,0.0000
15116.2833,0.0001,0.0000,0.0000
15132.4417,0.0005,0.0001,0.0000
15132.5417,0.0003,0.0001,0.0000
15135.5083,0.0008,0.0001,0.0000
15135.6250,0.0005,0.0000,0.0000
15136.2583,0.0002,0.0000,0.0000
15143.2167,0.0001,0.0000,0.0000
15143.2333,0.0001,0.0000,0.0000
15147.8500,0.0004,0.0003,0.0000
15150.5417,0.0002,0.0000,0.0000
15151.4167,0.0004,0.0000,0.0000
15151.5333,0.0002,0.0000,0.0000
15158.5917,0.0002,0.0001,0.0000
15185.5667,0.0000,0.0000,0.0000
15187.4250,0.0000,0.0000,0.0000
15229.6750,0.0004,0.0001,0.0000
15237.1500,0.0001,0.0000,0.0000
15254.3750,0.0004,0.0000,0.0000
15270.5250,0.0002,0.0001,0.0000
15270.6417,0.0001,0.0000,0.0000
15310.9500,0.0001,0.0000,0.0000
15325.0667,0.0001,0.0001,0.0000
15327.5167,0.0001,0.0001,0.0000
15327.5333,0.0001,0.0001,0.0000
15327.6167,0.0001,0.0000,0.0000
15349.0583,0.0001,0.0000,0.0000
15349.1000,0.0001,0.0000,0.0000
15349.1333,0.0001,0.0000,0.0000
15364.2417,0.0001,0.0000,0.0000
15371.2500,0.0002,0.0000,0.0000
15371.3167,0.0001,0.0000,0.0000
15371.3500,0.0002,0.0000,0.0000
15460.1917,0.0009,0.0002,0.0000
15462.5917,0.0012,0.0002,0.0000
15495.0083,0.0001,0.0000,0.0000
15524.3500,0.0001,0.0000,0.0000
15524.3833,0.0001,0.0000,0.0000
15557.3500,0.0033,0.0013,0.0000
15557.4500,0.0019,0.0011,0.0000
15557.5500,0.0004,0.0002,0.0000
15568.0333,0.0001,0.0000,0.0000
15568.1167,0.0001,0.0000,0.0000
15629.6250,0.0001,0.0000,0.0000
15629.6833,0.0001,0.0000,0.0000
15629.7417,0.0002,0.0000,0.0000
15680.4417,0.0001,0.0000,0.0000
15692.7000,0.0001,0.0000,0.0000
15692.7333,0.0000,0.0000,0.0000
15729.7583,0.0001,0.0000,0.0000
15729.7750,0.0001,0.0000,0.0000
15744.0917,0.0001,0.0000,0.0000
15770.1000,0.0001,0.0000,0.0000
15775.2417,0.0001,0.0000,0.0000
15777.9500,0.0001,0.0000,0.0000
15778.0583,0.0001,0.0000,0.0000
15854.9917,0.0001,0.0000,0.0000
15887.1583,0.0001,0.0000,0.0000
15893.9333,0.0001,0.0000,0.0000
15894.0500,0.0001,0.0000,0.0000
15913.0750,0.0001,0.0000,0.0000
15925.0000,0.0001,0.0001,0.0000
15945.6500,0.0003,0.0000,0.0000
15951.1667,0.0003,0.0000,0.0000
15951.1750,0.0003,0.0000,0.0000
15982.8333,0.0006,0.0001,0.0000
15982.9333,0.0005,0.0001,0.0000
15995.0000,0.0001,0.0001,0.0000
16025.0000,0.0000,0.0000,0.0000
16035.0083,0.0001,0.0000,0.0000
16047.8083,0.0001,0.0000,0.0000
16047.8250,0.0001,0.0000,0.0000
16055.0000,0.0001,0.0001,0.0000
16069.7583,0.0001,0.0000,0.0000
16083.6833,0.0000,0.0000,0.0000
16091.5417,0.0001,0.0001,0.0000
16091.6583,0.0001,0.0000,0.0000
16095.0000,0.0000,0.0000,0.0000
16115.0083,0.0000,0.0000,0.0000
16121.5000,0.0001,0.0000,0.0000
16135.0000,0.0001,0.0000,0.0000
16146.6000,0.0002,0.0000,0.0000
16155.0000,0.0001,0.0000,0.0000
16195.0000,0.0001,0.0000,0.0000
16215.0083,0.0001,0.0000,0.0000
16224.9917,0.0000,0.0000,0.0000
16230.1917,0.0000,0.0000,0.0000
16233.5667,0.0001,0.0000,0.0000
16233.5917,0.0001,0.0000,0.0000
16255.0000,0.0001,0.0000,0.0000
16283.0083,0.0006,0.0001,0.0000
16283.1333,0.0005,0.0000,0.0000
16355.0000,0.0000,0.0000,0.0000
16363.4000,0.0000,0.0000,0.0000
16371.4250,0.0000,0.0000,0.0000
16371.5167,0.0000,0.0000,0.0000
16388.8833,0.0001,0.0000,0.0000
16390.0000,0.0001,0.0001,0.0000
16408.6167,0.0001,0.0000,0.0000
16449.3833,0.0004,0.0001,0.0000
16449.4917,0.0002,0.0000,0.0000
16528.6667,0.0004,0.0001,0.0000
16528.7917,0.0003,0.0000,0.0000
16579.3250,0.0001,0.0000,0.0000
16586.1917,0.0000,0.0000,0.0000
16644.7667,0.0003,0.0001,0.0000
16644.7750,0.0003,0.0001,0.0000
16645.6667,0.0003,0.0001,0.0000
16645.6750,0.0003,0.0001,0.0000
16675.0000,0.0001,0.0000,0.0000
16841.9167,0.0004,0.0001,0.0000
16841.9250,0.0004,0.0001,0.0000
16842.0417,0.0003,0.0000,0.0000
16894.6167,0.0002,0.0000,0.0000
16894.6417,0.0002,0.0000,0.0000
17003.6000,0.0004,0.0001,0.0000
17003.7167,0.0002,0.0000,0.0000
17003.7250,0.0002,0.0000,0.0000
17016.7167,0.0002,0.0000,0.0000
17016.7250,0.0002,0.0000,0.0000
17122.5750,0.0006,0.0001,0.0000
17122.6667,0.0004,0.0000,0.0000
17330.3500,0.0002,0.0000,0.0000
17380.1667,0.0001,0.0000,0.0000
17425.0167,0.0002,0.0001,0.0000
17475.0417,0.0001,0.0000,0.0000
17557.7167,0.0000,0.0000,0.0000
17557.7333,0.0000,0.0000,0.0000
17702.5833,0.0001,0.0000,0.0000
17795.0417,0.0001,0.0001,0.0000
17795.0833,0.0002,0.0001,0.0000
17795.1917,0.0000,0.0000,0.0000
6074.2167,0.0001,0.0000,0.0001
6123.0417,0.0001,0.0000,0.0001
6190.0083,0.0000,0.0000,0.0000
6328.1250,0.0000,0.0000,0.0001
6390.0000,0.0001,0.0001,0.0001
6900.0000,0.0017,0.0008,0.0024
7050.0000,0.0008,0.0005,0.0011
7124.9917,0.0007,0.0006,0.0010
7170.0000,0.0001,0.0000,0.0002
7210.0000,0.0002,0.0001,0.0003
7230.0000,0.0001,0.0001,0.0002
7285.0000,0.0000,0.0000,0.0000
7290.0000,0.0003,0.0001,0.0003
7321.9833,0.0001,0.0001,0.0001
7325.0000,0.0001,0.0001,0.0001
7350.0000,0.0003,0.0003,0.0009
7402.8250,0.0000,0.0000,0.0001
7450.0000,0.0003,0.0002,0.0007
7475.0000,0.0004,0.0000,0.0005
7499.7250,0.0000,0.0000,0.0001
7500.0000,0.0027,0.0015,0.0034
7550.0000,0.0005,0.0001,0.0008
7750.0000,0.0012,0.0007,0.0024
7817.8083,0.0012,0.0008,0.0012
7850.0000,0.0009,0.0003,0.0009
7945.0000,0.0001,0.0000,0.0001
7965.0000,0.0000,0.0000,0.0001
7990.0000,0.0002,0.0000,0.0002
8030.0000,0.0002,0.0001,0.0002
8075.0000,0.0001,0.0001,0.0001
8174.0167,0.0004,0.0003,0.0005
8265.0000,0.0000,0.0000,0.0001
8270.0000,0.0001,0.0001,0.0001
8310.0000,0.0001,0.0001,0.0002
8383.1500,0.0002,0.0001,0.0003
8475.0000,0.0000,0.0000,0.0001
8521.3833,0.0001,0.0000,0.0001
8577.9250,0.0001,0.0001,0.0001
8801.1167,0.0001,0.0000,0.0001
8801.1417,0.0001,0.0000,0.0001
9183.5000,0.0000,0.0000,0.0001
9346.7667,0.0001,0.0000,0.0001
9346.7750,0.0001,0.0000,0.0001
9654.7250,0.0000,0.0000,0.0001
9654.7500,0.0001,0.0000,0.0001
9789.3250,0.0001,0.0000,0.0001
9950.0000,0.0006,0.0004,0.0007
10000.0000,0.0009,0.0006,0.0017
10073.5167,0.0000,0.0000,0.0001
10125.0000,0.0003,0.0001,0.0004
10150.0000,0.0014,0.0008,0.0019
10220.0000,0.0001,0.0001,0.0002
10500.0000,0.0008,0.0003,0.0013
10525.0000,0.0002,0.0001,0.0003
10650.0000,0.0008,0.0001,0.0010
10880.0000,0.0001,0.0001,0.0001
10960.0000,0.0001,0.0000,0.0001
11063.4667,0.0001,0.0001,0.0004
11275.0000,0.0001,0.0001,0.0001
11761.6833,0.0001,0.0001,0.0001
11770.2250,0.0007,0.0003,0.0008
11770.2333,0.0007,0.0003,0.0008
11999.8500,0.0004,0.0003,0.0004
14424.0167,0.0002,0.0001,0.0002
15425.0000,0.0001,0.0001,0.0001
16825.9833,0.0001,0.0000,0.0001
17125.0000,0.0002,0.0001,0.0002
17525.0000,0.0001,0.0000,0.0001
