freq,int_h2o,int_d2o,cluster
2102.42271000,0.00003243,0.00002576,2
2121.31739000,0.00001869,0.00002206,4
2121.32931000,0.00001794,0.00002360,6
2121.94920000,0.00001865,0.00001413,2
2122.27106000,0.00003092,0.00001842,5
2124.02344000,0.00002417,0.00001212,8
2127.61164000,0.00002465,0.00002013,0
2130.85413000,0.00001613,0.00002046,4
2135.84900000,0.00001770,0.00001097,5
2136.07550000,0.00001335,0.00003184,12
2139.04381000,0.00002476,0.00001138,8
2146.70897000,0.00001600,0.00001178,2
2150.39253000,0.00002861,0.00001136,11
2174.90196000,0.00002511,0.00001321,8
2187.50238000,0.00046375,0.00005942,13
2191.28132000,0.00001611,0.00002218,6
2195.08410000,0.00002813,0.00001762,5
2265.60831000,0.00001359,0.00001204,0
2314.44836000,0.00002006,0.00001271,5
2402.29368000,0.00002087,0.00001943,0
2409.17206000,0.00002189,0.00001800,0
2411.91387000,0.00005103,0.00004481,0
2427.08921000,0.00001819,0.00005770,9
2430.72510000,0.00002630,0.00001547,5
2433.32386000,0.00001590,0.00001223,2
2435.31466000,0.00001860,0.00001125,5
2480.45921000,0.00001571,0.00001493,1
2499.99762000,0.00025601,0.00030183,4
2515.19680000,0.00001547,0.00002270,6
2539.90889000,0.00001403,0.00006345,14
2604.47264000,0.00002903,0.00002092,2
2621.55533000,0.00002918,0.00003303,4
2623.24810000,0.00002679,0.00003044,4
2649.37878000,0.00005064,0.00004167,0
2732.86104000,0.00004294,0.00003408,2
2754.03261000,0.00079760,0.00003603,3
2759.08709000,0.00087550,0.00003204,3
2792.96637000,0.00002245,0.00001998,0
2792.97829000,0.00002109,0.00002055,1
2812.50477000,0.00089015,0.00069673,2
2830.58882000,0.00011353,0.00011470,1
2841.48455000,0.00018836,0.00016312,0
2889.47821000,0.00036056,0.00033657,0
2890.62262000,0.00002936,0.00001748,5
2892.16042000,0.00001559,0.00001736,4
2893.36443000,0.00005890,0.00005972,1
2893.75782000,0.00006701,0.00005975,0
2894.80686000,0.00002206,0.00001141,8
2901.45874000,0.00006110,0.00004497,2
2911.38887000,0.00002565,0.00002614,1
2913.32006000,0.00100765,0.00001611,3
2913.34391000,0.00082398,0.00001273,3
2919.49511000,0.00004880,0.00005021,1
2929.97360000,0.00001320,0.00001624,4
2932.66773000,0.00002821,0.00001566,8
2935.96983000,0.00012219,0.00009626,2
2939.45074000,0.00001835,0.00001275,2
2955.32942000,0.00003429,0.00002223,5
2958.98914000,0.00001759,0.00001129,5
2979.26664000,0.00002904,0.00001372,8
2979.27856000,0.00002776,0.00001417,8
2999.41301000,0.00015890,0.00013945,0
3005.00393000,0.00017324,0.00014777,0
3013.51547000,0.00001591,0.00001530,1
3013.52739000,0.00001629,0.00001584,1
3014.60028000,0.00042073,0.00035271,0
3048.94447000,0.00061092,0.00056593,0
3056.63347000,0.00001548,0.00001318,0
3057.99246000,0.00003176,0.00002652,0
3058.91037000,0.00032118,0.00029176,0
3066.83779000,0.00004873,0.00003958,0
3068.20869000,0.00004158,0.00003634,0
3087.31794000,0.00003615,0.00003738,1
3088.76038000,0.00002779,0.00002635,1
3089.42795000,0.00002790,0.00003745,6
3102.33831000,0.00134596,0.00116032,0
3104.25758000,0.00062869,0.00060025,1
3107.03516000,0.00001941,0.00001203,5
3118.97993000,0.00013144,0.00010824,0
3123.06881000,0.00001624,0.00001210,2
3123.08073000,0.00001572,0.00001228,2
3124.51124000,0.00002319,0.00001471,5
3124.61853000,0.00001885,0.00002002,1
3124.66621000,0.00002707,0.00001445,8
3124.71390000,0.00003031,0.00002762,0
3124.76158000,0.00003638,0.00002928,0
3124.79734000,0.00004926,0.00003636,2
3124.84503000,0.00007706,0.00006386,0
3124.88079000,0.00013692,0.00011165,0
3125.00000000,0.02195023,0.01793381,0
3125.11921000,0.00013968,0.00011132,2
3125.15497000,0.00007108,0.00006025,0
3125.20266000,0.00005128,0.00003990,2
3125.23842000,0.00003938,0.00002819,2
3125.28610000,0.00002627,0.00002850,1
3125.33379000,0.00002494,0.00002016,0
3125.42915000,0.00001646,0.00001447,0
3125.53644000,0.00001524,0.00001524,1
3155.45797000,0.00001546,0.00002752,15
3187.65640000,0.00021017,0.00015031,2
3190.54127000,0.00031801,0.00001957,3
3199.57733000,0.00014050,0.00012737,0
3203.12977000,0.00001932,0.00001118,5
3218.22166000,0.00002788,0.00001627,5
3218.23359000,0.00002719,0.00001711,5
3229.96378000,0.00002448,0.00001420,5
3231.26316000,0.00004984,0.00004433,0
3231.27508000,0.00004943,0.00004508,0
3232.40757000,0.00004958,0.00005257,1
3241.93239000,0.00006206,0.00005504,0
3244.20929000,0.00002279,0.00001128,8
3244.24505000,0.00001606,0.00001748,1
3251.94597000,0.00002121,0.00001408,5
3262.12645000,0.00002585,0.00002021,2
3262.79402000,0.00001479,0.00001760,4
3291.21351000,0.00003188,0.00010498,9
3291.22543000,0.00003135,0.00010559,9
3300.78602000,0.00001737,0.00001408,0
3311.97977000,0.00002161,0.00002356,1
3318.85815000,0.00002930,0.00003136,1
3319.44227000,0.00003721,0.00003197,0
3319.69261000,0.00001607,0.00001208,2
3320.43171000,0.00002550,0.00001430,23
3325.47426000,0.00002666,0.00002743,1
3334.70106000,0.00001831,0.00002766,6
3347.75448000,0.00003078,0.00002657,0
3351.11618000,0.00002036,0.00001317,5
3351.16386000,0.00005146,0.00004067,2
3351.17579000,0.00005090,0.00004170,0
3365.42130000,0.00013306,0.00040017,9
3376.77002000,0.00025178,0.00023527,0
3380.83506000,0.00001563,0.00001197,2
3404.85573000,0.00060829,0.00056171,0
3419.64960000,0.00003091,0.00001245,11
3421.98610000,0.00013332,0.00003048,7
3437.49523000,0.00016023,0.00019214,4
3448.58170000,0.00001678,0.00001175,2
3459.20324000,0.00001988,0.00001357,2
3480.78012000,0.00001635,0.00003391,10
3489.17246000,0.00001343,0.00001823,6
3489.97116000,0.00001452,0.00007711,14
3489.98308000,0.00001490,0.00007600,14
3496.08660000,0.00001871,0.00007224,9
3513.33618000,0.00001637,0.00002187,6
3515.55347000,0.00001306,0.00010199,16
3515.63692000,0.00003297,0.00001766,8
3516.88862000,0.00047830,0.00011405,7
3516.98399000,0.00012023,0.00002607,7
3523.43321000,0.00023630,0.00005555,7
3523.54050000,0.00011673,0.00003004,7
3524.85180000,0.00004240,0.00011186,12
3532.89843000,0.00017322,0.00003788,7
3532.99379000,0.00006935,0.00001327,7
3542.30404000,0.00009031,0.00008074,0
3561.36560000,0.01128778,0.00020688,3
3561.48481000,0.00757842,0.00013688,3
3562.40273000,0.00001942,0.00001725,0
3564.45312000,0.00002003,0.00001493,2
3568.98308000,0.00039001,0.00001248,3
3569.91291000,0.00015025,0.00001111,3
3574.28789000,0.00002128,0.00001475,2
3575.20580000,0.00001351,0.00001793,6
3575.53959000,0.00005137,0.00003966,2
3575.87337000,0.00003200,0.00002957,0
3575.88530000,0.00003301,0.00002854,0
3576.43366000,0.00001644,0.00002222,6
3576.55287000,0.00004114,0.00001652,11
3585.61277000,0.00168612,0.00008825,3
3589.11753000,0.00001658,0.00002517,6
3593.93358000,0.00004748,0.00005539,4
3594.01703000,0.00004726,0.00005301,4
3594.02895000,0.00004921,0.00005307,1
3597.04494000,0.00034786,0.00001784,3
3601.58682000,0.00003744,0.00001767,8
3603.12462000,0.00071066,0.00065388,0
3606.09293000,0.00005978,0.00004883,0
3614.56871000,0.00014818,0.00011896,2
3614.58063000,0.00015368,0.00012312,2
3614.68792000,0.00010086,0.00008882,0
3620.64838000,0.00013696,0.00012460,0
3622.74647000,0.00005683,0.00001467,7
3627.37179000,0.00008233,0.00001482,13
3630.91230000,0.00004320,0.00004288,1
3631.65140000,0.00003572,0.00003781,1
3633.04615000,0.00001449,0.00001906,6
3640.81860000,0.00002977,0.00001589,8
3644.51408000,0.00001938,0.00003580,10
3644.52600000,0.00002139,0.00003704,15
3646.21878000,0.00027536,0.00001262,3
3646.23070000,0.00031752,0.00001363,3
3646.36183000,0.00158701,0.00149415,0
3647.17245000,0.00005512,0.00003595,5
3659.39140000,0.00001895,0.00002048,1
3659.42717000,0.00004478,0.00003902,0
3659.54638000,0.00850409,0.00808445,1
3659.67751000,0.00004318,0.00005040,4
3659.84440000,0.00001525,0.00001470,1
3664.29090000,0.00041742,0.00038849,0
3668.06984000,0.00008626,0.00003310,11
3668.08176000,0.00013021,0.00003408,7
3668.12944000,0.00026835,0.00001722,3
3672.12296000,0.00001600,0.00002234,6
3672.13488000,0.00001592,0.00002341,6
3672.33753000,0.00001737,0.00003284,10
3674.76940000,0.00003203,0.00002518,2
3674.79324000,0.00003736,0.00003019,0
3675.04358000,0.00014760,0.00012554,0
3676.95093000,0.00002527,0.00003869,6
3677.91653000,0.00012342,0.00001328,13
3683.93660000,0.00003154,0.00003206,1
3685.42671000,0.00016709,0.00020314,4
3685.92739000,0.00005239,0.00004725,0
3686.41615000,0.00005390,0.00001135,7
3688.01355000,0.00009150,0.00007907,0
3688.03740000,0.00009740,0.00008713,0
3688.87186000,0.00001783,0.00007071,14
3688.89570000,0.00001943,0.00006159,9
3689.16988000,0.00003712,0.00001138,17
3689.18180000,0.00003644,0.00001305,11
3689.31293000,0.00065351,0.00062218,1
3693.31837000,0.00052367,0.00001668,3
3701.72262000,0.00044839,0.00002004,3
3701.75838000,0.00029685,0.00001217,3
3703.22466000,0.00002121,0.00001507,2
3703.41539000,0.00001819,0.00001870,1
3703.46308000,0.00013052,0.00003106,7
3703.47500000,0.00013151,0.00003250,7
3703.60613000,0.00003604,0.00001727,8
3703.76110000,0.00001938,0.00001752,0
3703.80878000,0.00002194,0.00002221,1
3703.85647000,0.00002986,0.00001964,5
3703.90415000,0.00003721,0.00003565,1
3703.95184000,0.00004649,0.00004548,1
3703.98760000,0.00002308,0.00002677,4
3704.07104000,0.00013957,0.00014188,1
3704.19025000,0.02826041,0.02625710,0
3704.32138000,0.00015850,0.00015271,1
3704.35715000,0.00008630,0.00008080,0
3704.39291000,0.00004302,0.00003243,2
3704.44059000,0.00004528,0.00004514,1
3704.48828000,0.00003962,0.00003694,0
3704.53596000,0.00002266,0.00002463,1
3704.58364000,0.00002697,0.00001855,2
3704.63133000,0.00002408,0.00002401,1
3704.67901000,0.00001705,0.00001833,1
3704.77438000,0.00001605,0.00002558,15
3704.78630000,0.00001737,0.00002493,6
3704.83398000,0.00001567,0.00001135,2
3706.24065000,0.00010789,0.00009217,0
3707.28970000,0.00001769,0.00003033,15
3707.64732000,0.00011115,0.00011057,1
3709.32817000,0.00008117,0.00001195,13
3710.59179000,0.00183895,0.00002104,3
3712.28456000,0.00088406,0.00075659,0
3719.01989000,0.00002190,0.00001762,0
3719.03181000,0.00002195,0.00001694,2
3719.55633000,0.00001912,0.00001879,1
3719.67554000,0.00001535,0.00001770,4
3720.45040000,0.00002290,0.00001800,2
3720.77227000,0.00006509,0.00004877,2
3721.10605000,0.00003313,0.00003021,0
3721.65442000,0.00002324,0.00001330,5
3721.76170000,0.00004653,0.00003719,2
3726.04132000,0.00002471,0.00003405,6
3730.89314000,0.00001992,0.00002358,4
3735.49461000,0.00014077,0.00014268,1
3738.90400000,0.00009173,0.00008808,1
3748.57187000,0.00003783,0.00003120,0
3748.69108000,0.00763033,0.00724398,1
3748.82221000,0.00004406,0.00003337,2
3748.85798000,0.00002054,0.00001628,2
3750.00238000,0.00010397,0.00002922,17
3752.92301000,0.00002766,0.00002637,1
3757.92980000,0.00002192,0.00004400,10
3769.48118000,0.00001902,0.00001757,0
3776.38340000,0.00006280,0.00006995,4
3779.17290000,0.00006634,0.00007585,4
3783.41675000,0.00004079,0.00005172,4
3783.42867000,0.00004339,0.00005270,4
3787.81557000,0.00006583,0.00006567,1
3787.82749000,0.00006644,0.00006558,1
3788.48314000,0.00002147,0.00001469,2
3791.57066000,0.00019726,0.00001148,3
3795.05157000,0.00002487,0.00052400,19
3795.15886000,0.00005419,0.00013357,12
3813.80320000,0.00001721,0.00003568,10
3826.55859000,0.00003648,0.00003287,0
3837.99076000,0.00003263,0.00002363,2
3842.86642000,0.00023471,0.00021871,0
3842.87834000,0.00023753,0.00021885,0
3851.33028000,0.00001792,0.00001183,5
3872.43032000,0.00004271,0.00002262,8
3904.62875000,0.00001552,0.00001125,2
3906.70300000,0.00113901,0.00001425,3
3906.72684000,0.00139838,0.00002008,3
3920.49551000,0.00006198,0.00001327,7
3934.78870000,0.00003904,0.00003108,2
3938.61532000,0.00063087,0.00055828,0
3938.62724000,0.00063522,0.00056136,0
3949.92828000,0.00001570,0.00001314,0
3966.00962000,0.00001314,0.00024653,19
3972.61381000,0.00068216,0.00002702,3
3990.90052000,0.00003910,0.00003493,0
4006.73151000,0.00002528,0.00002989,4
4006.77919000,0.00006140,0.00007011,4
4027.10438000,0.00037740,0.00034171,0
4032.58801000,0.00002984,0.00003788,4
4034.06620000,0.00003242,0.00002153,5
4034.07812000,0.00003242,0.00002188,5
4036.20005000,0.00003928,0.00002255,5
4057.12128000,0.00002381,0.00002061,0
4062.49762000,0.00017783,0.00010601,5
4075.65832000,0.00006045,0.00005907,1
4102.56386000,0.00006847,0.00005587,0
4102.57578000,0.00006684,0.00005628,0
4109.62105000,0.00144530,0.00006337,3
4118.16835000,0.00001741,0.00001114,5
4126.58453000,0.00129688,0.00001166,3
4140.65123000,0.00071323,0.00003108,3
4140.87772000,0.00003775,0.00003233,0
4155.82657000,0.00002781,0.00001459,8
4168.66541000,0.00034651,0.00001859,3
4168.67733000,0.00034958,0.00001819,3
4174.07751000,0.00003445,0.00003688,1
4176.93853000,0.00037824,0.00001148,3
4193.13908000,0.00003625,0.00002088,5
4213.34505000,0.00004235,0.00004063,1
4233.19340000,0.00064778,0.00047783,2
4237.22267000,0.00002315,0.00001265,8
4237.23459000,0.00002328,0.00001409,5
4248.79789000,0.00005680,0.00005093,0
4251.32513000,0.00004282,0.00004810,4
4259.08566000,0.00003819,0.00003121,0
4277.68230000,0.00003117,0.00002698,0
4281.07977000,0.00008281,0.00005846,2
4281.52084000,0.00002002,0.00001084,8
4281.54469000,0.00001753,0.00001293,2
4282.96328000,0.00004243,0.00005425,4
4282.97520000,0.00004448,0.00005372,4
4285.07328000,0.00002940,0.00002101,2
4285.53820000,0.00036824,0.00001200,3
4294.39545000,0.00015673,0.00017092,1
4308.80785000,0.00007113,0.00006642,0
4309.16548000,0.00093826,0.00087685,0
4309.17740000,0.00096006,0.00089771,0
4326.59388000,0.00013686,0.00011480,0
4336.54785000,0.00005553,0.00004719,0
4345.36934000,0.00001945,0.00002243,4
4351.17483000,0.00006811,0.00004872,2
4351.22252000,0.00006507,0.00004620,2
4351.23444000,0.00006523,0.00004676,2
4351.46093000,0.00004699,0.00003098,5
4351.60398000,0.00002459,0.00001780,2
4360.49700000,0.00006701,0.00019494,9
4369.06815000,0.00002233,0.00002447,1
4370.71323000,0.00253515,0.00002068,3
4372.56098000,0.00007018,0.00023454,9
4375.00477000,0.00006382,0.00010023,15
4382.97987000,0.00007427,0.00006180,0
4388.33237000,0.00008203,0.00002782,11
4396.64125000,0.00002216,0.00001259,5
4396.68894000,0.00001347,0.00002173,15
4397.14193000,0.00002960,0.00001366,8
4409.82580000,0.00002862,0.00003352,4
4412.36496000,0.00004101,0.00004478,1
4412.65106000,0.00065211,0.00053651,0
4418.84995000,0.00002266,0.00001754,2
4421.50831000,0.00018545,0.00002508,13
4421.55600000,0.00008903,0.00003195,11
4429.60262000,0.00003761,0.00002182,5
4432.33252000,0.00005381,0.00003608,5
4433.45308000,0.00001511,0.00001587,1
4433.47692000,0.00001708,0.00001408,0
4440.46259000,0.00001383,0.00001425,1
4444.31305000,0.00002049,0.00001582,2
4444.33689000,0.00001872,0.00001811,1
4446.18464000,0.00001423,0.00001168,0
4446.41113000,0.00002036,0.00002070,1
4446.43497000,0.00002254,0.00001859,0
4449.34368000,0.00004925,0.00004230,0
4451.19143000,0.00001512,0.00001755,4
4451.28679000,0.00001846,0.00001332,2
4451.38216000,0.00006860,0.00002160,17
4451.46561000,0.00006247,0.00005264,0
4451.50137000,0.00009347,0.00007867,0
4451.62058000,0.01689307,0.01435401,0
4451.63250000,0.01690590,0.01433935,0
4451.75171000,0.00008670,0.00007025,0
4451.78747000,0.00004832,0.00003386,2
4451.87092000,0.00002377,0.00002415,1
4451.91860000,0.00002380,0.00001135,8
4460.82354000,0.00010495,0.00009954,1
4468.40525000,0.00008104,0.00075097,16
4471.14706000,0.00002453,0.00001507,5
4473.18554000,0.00096137,0.00088272,0
4473.47164000,0.00002935,0.00007545,12
4475.53396000,0.00043055,0.00041148,1
4477.82278000,0.00005308,0.00007263,6
4477.83470000,0.00005010,0.00007278,6
4478.13272000,0.00006420,0.00007399,4
4478.77645000,0.00002422,0.00010324,14
4485.86941000,0.00034172,0.00001599,3
4487.52642000,0.00002884,0.00002206,2
4487.97941000,0.00008064,0.00001194,13
4488.03902000,0.00005231,0.00002130,11
4489.36224000,0.00002124,0.00001081,8
4491.65106000,0.00010062,0.00001145,13
4493.05773000,0.00009404,0.00009872,1
4494.23790000,0.00001453,0.00001569,1
4503.53622000,0.00009297,0.00009688,1
4504.20380000,0.00001865,0.00002131,4
4515.36179000,0.00002896,0.00002440,0
4516.22009000,0.00042396,0.00003471,3
4516.23201000,0.00043489,0.00003601,3
4518.21089000,0.00001632,0.00002926,15
4521.70372000,0.00002001,0.00002090,1
4522.45474000,0.00003301,0.00002624,2
4528.90396000,0.00002244,0.00001288,5
4537.08172000,0.00006575,0.00001344,7
4537.41550000,0.00004427,0.00004737,1
4537.42743000,0.00004496,0.00004493,1
4540.59839000,0.00001514,0.00001196,2
4547.07146000,0.00002977,0.00002314,2
4552.34051000,0.00158979,0.00002559,3
4556.08368000,0.00137253,0.00131700,1
4572.43919000,0.00008450,0.00007303,0
4573.45247000,0.00004535,0.00004211,0
4582.81040000,0.00004512,0.00004337,1
4587.45956000,0.00018203,0.00015495,0
4607.84435000,0.00004137,0.00002134,8
4611.48024000,0.00003554,0.00001363,11
4623.75879000,0.00001817,0.00001879,1
4631.81734000,0.00002920,0.00010658,9
4631.87695000,0.00009327,0.00003865,11
4635.81085000,0.00021965,0.00016985,2
4644.96613000,0.00007396,0.00001251,13
4644.97805000,0.00007247,0.00001253,13
4645.66946000,0.00001912,0.00001787,0
4645.68138000,0.00001882,0.00001857,1
4646.15822000,0.00002775,0.00001510,8
4653.06044000,0.00009582,0.00007259,2
4653.08428000,0.00009117,0.00008633,1
4653.73993000,0.00009445,0.00009278,1
4654.88434000,0.00001515,0.00001219,0
4657.38773000,0.00003476,0.00003650,1
4659.16395000,0.00004239,0.00010919,12
4659.80768000,0.00001766,0.00003653,10
4659.83152000,0.00001904,0.00003253,15
4661.01170000,0.00001738,0.00005477,9
4661.10706000,0.00007328,0.00020744,12
4662.97865000,0.00019551,0.00018658,1
4663.57470000,0.00002188,0.00001905,0
4663.58662000,0.00002213,0.00001858,0
4665.26747000,0.00066105,0.00001182,3
4668.47420000,0.00004937,0.00004420,0
4668.48612000,0.00004954,0.00004500,0
4670.87030000,0.00007984,0.00002507,17
4674.80421000,0.00032179,0.00002626,3
4675.92478000,0.00002208,0.00001194,8
4676.11551000,0.00007957,0.00001794,7
4676.12743000,0.00008214,0.00001764,7
4678.16591000,0.00005922,0.00004656,2
4678.17783000,0.00006099,0.00004626,2
4679.26264000,0.00001426,0.00003510,12
4679.64411000,0.00009912,0.00005505,8
4680.91965000,0.00004691,0.00001347,17
4683.91180000,0.00003360,0.00002059,5
4685.89067000,0.00005752,0.00005360,0
4687.05893000,0.00301137,0.00004569,3
4687.50000000,0.00072479,0.00034932,8
4692.48295000,0.00016896,0.00019379,4
4696.94138000,0.00255735,0.00218866,0
4702.05545000,0.00005118,0.00003073,5
4704.05817000,0.00008308,0.00008549,1
4704.46348000,0.00009821,0.00010180,1
4704.47540000,0.00009538,0.00010219,1
4706.77614000,0.00001372,0.00001256,0
4708.18281000,0.00006785,0.00002476,11
4709.26762000,0.00008753,0.00007623,0
4709.27954000,0.00009196,0.00007341,2
4709.76830000,0.00003181,0.00001529,8
4713.02271000,0.00176089,0.00001413,3
4713.24921000,0.00002640,0.00001779,5
4714.02407000,0.00030168,0.00013009,18
4714.03599000,0.00028775,0.00012056,11
4716.74204000,0.00017694,0.00015664,0
4718.91165000,0.00005586,0.00005163,0
4719.97261000,0.00037286,0.00035011,0
4719.98453000,0.00037330,0.00035228,0
4726.15957000,0.00001614,0.00002458,6
4734.77840000,0.00001456,0.00001140,2
4734.87377000,0.00001543,0.00001451,0
4735.42213000,0.00002362,0.00002469,1
4735.51750000,0.00008361,0.00002689,17
4735.56519000,0.00007137,0.00002001,17
4735.67247000,0.00003443,0.00002426,2
4735.72016000,0.00004460,0.00003625,0
4735.76784000,0.00003720,0.00003025,0
4735.81553000,0.00004737,0.00004294,0
4735.86321000,0.00006393,0.00005208,0
4735.91089000,0.00007129,0.00006003,0
4735.94666000,0.00007682,0.00006692,0
4735.99434000,0.00015404,0.00012940,0
4736.03010000,0.00029266,0.00024950,0
4736.14931000,0.04433415,0.03755057,0
4736.30428000,0.00012905,0.00010694,0
4736.35197000,0.00007489,0.00006913,0
4736.39965000,0.00007692,0.00006038,2
4736.44733000,0.00006679,0.00004932,2
4736.48310000,0.00003847,0.00003299,0
4736.54270000,0.00004498,0.00003650,0
4736.59039000,0.00004337,0.00003356,2
4736.63807000,0.00002854,0.00002104,2
4736.68575000,0.00002336,0.00002484,1
4736.73344000,0.00003553,0.00002490,2
4736.78112000,0.00001863,0.00001515,0
4736.82880000,0.00001661,0.00001549,0
4736.87649000,0.00002480,0.00001406,5
4736.93609000,0.00001726,0.00001602,0
4736.98378000,0.00001977,0.00001345,2
4737.07914000,0.00001896,0.00001197,5
4737.57982000,0.00001753,0.00001584,0
4746.89007000,0.00002766,0.00002090,2
4750.46635000,0.00001371,0.00006511,14
4750.47827000,0.00001438,0.00006449,14
4750.99087000,0.00002331,0.00007456,9
4751.08624000,0.00008685,0.00025171,9
4752.76709000,0.00002484,0.00024009,16
4752.81477000,0.00001499,0.00004608,9
4753.04127000,0.00004397,0.00015373,9
4753.14856000,0.00018449,0.00054020,9
4764.38999000,0.00011784,0.00001176,13
4766.08276000,0.00006086,0.00002187,11
4767.73977000,0.00001360,0.00001096,0
4780.41172000,0.00307554,0.00015458,3
4780.67398000,0.00001966,0.00007292,9
4783.36811000,0.00002262,0.00001779,2
4783.85687000,0.00002639,0.00003044,4
4784.71518000,0.00149105,0.00007871,3
4793.11943000,0.00021774,0.00018272,0
4793.13135000,0.00022938,0.00019097,0
4796.70763000,0.00004048,0.00002166,8
4796.73147000,0.00003528,0.00002585,2
4800.08125000,0.00001708,0.00001541,0
4805.75562000,0.00005153,0.00006252,4
4806.26822000,0.00004897,0.00004461,0
4806.28014000,0.00004957,0.00004395,0
4812.64591000,0.00001644,0.00001419,0
4837.62026000,0.00001982,0.00002410,4
4837.63218000,0.00002003,0.00002211,1
4845.52383000,0.00005314,0.00004261,2
4853.51086000,0.00007538,0.00018993,12
4853.57046000,0.00026438,0.00006476,7
4853.60622000,0.00020282,0.00012029,5
4855.54934000,0.00012446,0.00005080,11
4855.59702000,0.00021618,0.00002186,13
4858.73222000,0.00006372,0.00006012,0
4859.91240000,0.00011420,0.00008942,2
4860.22234000,0.00009801,0.00001423,13
4862.64229000,0.00009199,0.00008514,0
4863.16681000,0.00879262,0.00013081,3
4869.28225000,0.00003466,0.00004557,6
4871.10615000,0.00001305,0.00001182,0
4871.53530000,0.00529906,0.00027488,3
4874.71819000,0.00003344,0.00008898,12
4874.74203000,0.00002982,0.00010632,9
4876.14870000,0.00276888,0.00013801,3
4881.87075000,0.00002052,0.00005983,9
4881.88267000,0.00002107,0.00005647,12
4884.75561000,0.00051149,0.00057098,4
4884.80330000,0.00037899,0.00078277,10
4887.93850000,0.00005887,0.00001186,7
4897.71366000,0.00002379,0.00008937,9
4897.72558000,0.00002315,0.00009033,14
4905.74837000,0.00005695,0.00005291,0
4906.98814000,0.00007114,0.00008604,4
4907.95374000,0.00009486,0.00010444,1
4908.56171000,0.00002188,0.00002386,1
4910.46906000,0.00007129,0.00001120,13
4911.93533000,0.00007063,0.00005533,2
4913.06782000,0.00550525,0.00027423,3
4913.07974000,0.00548106,0.00027440,3
4923.62976000,0.00001422,0.00001882,6
4925.11988000,0.00001542,0.00003170,10
4925.13180000,0.00001549,0.00002950,10
4925.62056000,0.00161959,0.00003700,3
4925.68016000,0.00048023,0.00005372,13
4927.55175000,0.00002676,0.00001694,5
4928.17163000,0.00015493,0.00016379,1
4930.99689000,0.00007442,0.00001318,13
4943.49003000,0.00276488,0.00013218,3
4946.04111000,0.00001395,0.00001550,1
4947.00670000,0.00003296,0.00002829,0
4971.06314000,0.00139660,0.00007575,3
4971.07506000,0.00137014,0.00007662,3
4984.54571000,0.00017269,0.00016767,1
4993.64138000,0.00006199,0.00007130,4
4994.13013000,0.00011527,0.00012044,1
4994.80963000,0.00009396,0.00010495,4
4998.94619000,0.00001524,0.00001744,4
4999.99523000,0.00008644,0.00008254,1
5005.55038000,0.00026713,0.00001463,3
5015.67125000,0.00003477,0.00001084,17
5016.13617000,0.00006088,0.00021674,9
5016.21962000,0.00001631,0.00002983,10
5027.65179000,0.00016901,0.00050443,9
5030.04789000,0.00047509,0.00043835,0
5053.88975000,0.00001311,0.00053673,19
5063.00926000,0.00007681,0.00001121,13
5063.91525000,0.00003574,0.00001603,18
5077.66008000,0.00090234,0.00084205,0
5079.15020000,0.00002020,0.00005176,12
5088.01937000,0.00030156,0.00001849,3
5088.03129000,0.00028664,0.00001883,3
5088.19818000,0.00009505,0.00006899,2
5092.21554000,0.00002260,0.00001587,2
5092.22746000,0.00002199,0.00001598,2
5112.81490000,0.00222641,0.00004216,3
5119.90786000,0.00001529,0.00001183,2
5126.95312000,0.00001496,0.00001093,2
5130.36251000,0.00002444,0.00002057,0
5145.01333000,0.00002873,0.00003303,4
5145.07294000,0.00005515,0.00004549,0
5163.02586000,0.00003129,0.00011219,9
5170.66717000,0.00001822,0.00001893,1
5170.67909000,0.00001832,0.00002128,4
5177.84357000,0.00005416,0.00002681,8
5177.92702000,0.00025036,0.00023066,0
5178.26080000,0.00001372,0.00001606,4
5178.28465000,0.00002009,0.00002140,1
5178.35617000,0.00001494,0.00001178,2
5184.12590000,0.00002649,0.00002831,1
5210.57844000,0.00001788,0.00006948,14
5210.66189000,0.00003496,0.00010145,9
5216.07399000,0.00002179,0.00001551,2
5216.08591000,0.00002301,0.00001668,2
5221.12846000,0.00005110,0.00001908,11
5242.89608000,0.00019680,0.00001310,3
5246.86575000,0.00001846,0.00001142,5
5251.89638000,0.00002406,0.00002108,0
5255.04351000,0.00001442,0.00001494,1
5257.96413000,0.00006940,0.00007404,1
5258.64363000,0.00001387,0.00001200,0
5276.57270000,0.00037485,0.00032279,0
5276.58463000,0.00039195,0.00033596,0
5282.09209000,0.00001949,0.00002815,6
5284.34515000,0.00003376,0.00003183,0
5287.44459000,0.00001828,0.00001308,2
5299.17479000,0.00337065,0.00006264,3
5304.01468000,0.00001619,0.00001276,2
5306.70881000,0.00003017,0.00002553,0
5306.73265000,0.00003274,0.00002055,5
5309.12876000,0.00001497,0.00002761,10
5311.70368000,0.00004672,0.00001632,11
5312.50238000,0.00030151,0.00053665,15
5315.06538000,0.00076249,0.00001573,3
5316.40053000,0.00018850,0.00019235,1
5318.41516000,0.00001826,0.00002615,6
5318.42709000,0.00001934,0.00002670,6
5318.54630000,0.00002620,0.00002496,1
5319.39268000,0.00045704,0.00002285,3
5323.88687000,0.00047715,0.00043407,0
5325.16241000,0.00002594,0.00001951,2
5345.73793000,0.00001588,0.00001631,1
5361.66430000,0.00002457,0.00002672,1
5363.21402000,0.00002117,0.00003497,15
5363.22594000,0.00002312,0.00003659,15
5363.95311000,0.00003115,0.00003020,1
5364.26306000,0.00002732,0.00002210,0
5364.28690000,0.00002972,0.00002495,0
5365.61012000,0.00001428,0.00002276,15
5367.92278000,0.00006901,0.00001511,7
5367.93470000,0.00006820,0.00001636,7
5370.81957000,0.00031021,0.00001194,3
5370.83149000,0.00033027,0.00001334,3
5375.85020000,0.00006561,0.00006634,1
5378.12710000,0.00028733,0.00001995,3
5379.76027000,0.00010071,0.00009240,0
5380.94044000,0.00001717,0.00002531,6
5385.69689000,0.00029563,0.00001485,3
5386.11412000,0.00002036,0.00005394,12
5386.12604000,0.00002053,0.00005110,12
5386.73401000,0.00011600,0.00001125,21
5387.25853000,0.00003181,0.00011973,9
5388.05723000,0.00010530,0.00001934,22
5389.35661000,0.00052205,0.00001524,3
5390.73944000,0.00112892,0.00004765,3
5398.85759000,0.00007868,0.00007525,1
5398.91720000,0.00013017,0.00004344,11
5403.97167000,0.00002050,0.00003850,10
5404.01936000,0.00003391,0.00001858,8
5404.41275000,0.00102939,0.00100126,1
5408.64468000,0.00009217,0.00006437,2
5411.63683000,0.00001994,0.00001349,5
5413.00774000,0.00007686,0.00006605,0
5424.01075000,0.00087355,0.00002047,3
5424.03460000,0.00101825,0.00001845,3
5425.75121000,0.00002314,0.00002928,4
5430.69839000,0.00022975,0.00022053,1
5432.10506000,0.00010336,0.00007974,2
5432.96337000,0.00001441,0.00005245,9
5439.92519000,0.00409539,0.00008514,3
5445.12272000,0.00017953,0.00002094,13
5445.63532000,0.00003597,0.00003833,1
5445.86182000,0.00001605,0.00001654,1
5446.29097000,0.00004999,0.00005062,1
5447.22080000,0.00003294,0.00002809,0
5447.24464000,0.00003878,0.00003289,0
5449.71228000,0.00004518,0.00003016,5
5459.51128000,0.00002112,0.00001753,0
5459.53512000,0.00002139,0.00001957,0
5461.40671000,0.00002747,0.00002106,2
5466.52079000,0.00006861,0.00009417,6
5466.53271000,0.00007231,0.00009863,6
5468.72616000,0.00001847,0.00001662,0
5468.84537000,0.00294191,0.00276203,0
5471.80176000,0.00001340,0.00001671,4
5475.19922000,0.00001315,0.00001384,1
5475.69990000,0.00001571,0.00002678,15
5483.32930000,0.00002435,0.00001126,8
5483.42466000,0.00008000,0.00005514,2
5488.57450000,0.00001297,0.00001835,6
5488.62219000,0.00001482,0.00001102,2
5488.66987000,0.00002461,0.00002277,0
5488.71756000,0.00005145,0.00005047,1
5488.75332000,0.00008907,0.00009038,1
5488.87253000,0.01601195,0.01546044,1
5489.02750000,0.00004344,0.00004542,1
5489.11095000,0.00001948,0.00001110,5
5489.15863000,0.00002854,0.00001667,5
5489.25400000,0.00001801,0.00001660,0
5489.50434000,0.00002549,0.00001662,5
5492.44881000,0.00013442,0.00011511,0
5495.72706000,0.00077830,0.00076960,1
5498.24238000,0.00053119,0.00002034,3
5498.45695000,0.00003085,0.00002859,0
5500.44775000,0.00109023,0.00002449,3
5505.44262000,0.00001399,0.00006630,14
5505.62143000,0.00003831,0.00003450,0
5508.20827000,0.00061096,0.00002102,3
5508.88777000,0.00001429,0.00001406,1
5509.03082000,0.00003657,0.00002617,2
5510.95009000,0.00004933,0.00005228,1
5511.62958000,0.00021664,0.00020040,0
5512.86936000,0.00002480,0.00001952,2
5512.88128000,0.00002482,0.00001870,2
5515.71846000,0.00002379,0.00004699,10
5515.75422000,0.00001485,0.00006326,14
5521.38090000,0.00003220,0.00002154,5
5521.69085000,0.00003807,0.00002865,2
5525.20752000,0.00007007,0.00006045,0
5527.47250000,0.00018494,0.00023159,4
5527.48442000,0.00019099,0.00023934,4
5531.75211000,0.00002110,0.00004463,10
5531.77595000,0.00002802,0.00003498,4
5533.51641000,0.00002163,0.00001988,0
5533.52833000,0.00002124,0.00002019,1
5533.70714000,0.00067226,0.00066148,1
5535.42376000,0.00002322,0.00003527,6
5537.22382000,0.00003241,0.00002593,2
5537.40263000,0.00002531,0.00002188,0
5537.42647000,0.00003032,0.00002633,0
5547.24932000,0.00002164,0.00002329,1
5548.02418000,0.00002168,0.00001951,0
5548.05994000,0.00001596,0.00001567,1
5553.28131000,0.00002847,0.00001501,8
5554.22306000,0.00020494,0.00019113,0
5554.23498000,0.00021052,0.00019624,0
5554.59261000,0.00001349,0.00004242,9
5554.79527000,0.00001309,0.00002162,15
5554.98600000,0.00002406,0.00001481,5
5555.08137000,0.00001340,0.00001643,4
5555.14097000,0.00002972,0.00002139,2
5555.18866000,0.00002095,0.00002071,1
5555.24826000,0.00002798,0.00002896,1
5555.35555000,0.00021870,0.00017541,2
5555.42707000,0.00010264,0.00008391,0
5555.52244000,0.00006030,0.00006502,1
5555.55820000,0.00010326,0.00008249,2
5555.72510000,0.04283627,0.04039169,0
5555.88007000,0.00011962,0.00010739,0
5555.96352000,0.00005891,0.00006464,1
5555.97544000,0.00006776,0.00007535,4
5556.05888000,0.00004217,0.00005421,4
5556.10657000,0.00003111,0.00001609,8
5556.15425000,0.00002821,0.00003202,4
5556.20193000,0.00002379,0.00002166,0
5556.24962000,0.00001581,0.00002219,6
5556.30922000,0.00003006,0.00002079,2
5556.35691000,0.00002060,0.00001870,0
5556.40459000,0.00001505,0.00002367,15
5556.49996000,0.00001739,0.00001386,2
5556.65493000,0.00002189,0.00001171,8
5556.75030000,0.00002233,0.00001625,2
5561.20872000,0.00020157,0.00021070,1
5562.96110000,0.00040739,0.00001407,3
5565.86981000,0.00001562,0.00003254,10
5568.61162000,0.00001830,0.00002608,6
5571.10310000,0.00006914,0.00006469,0
5571.17462000,0.00024544,0.00001656,3
5574.16677000,0.00001498,0.00001574,1
5574.17870000,0.00001664,0.00001638,1
5577.03972000,0.00002587,0.00002149,0
5577.48079000,0.00002250,0.00001346,5
5577.70729000,0.00005489,0.00004667,0
5578.10068000,0.00001544,0.00001796,4
5579.74577000,0.00004454,0.00004819,1
5581.86769000,0.00021687,0.00002511,13
5581.91538000,0.00014403,0.00005994,11
5581.92730000,0.00011459,0.00006100,8
5586.40957000,0.00001998,0.00004478,-1
5586.43341000,0.00001387,0.00004912,9
5588.67455000,0.00019175,0.00015694,0
5588.80568000,0.00006469,0.00008355,4
5591.28523000,0.00002568,0.00001083,11
5592.79919000,0.00002736,0.00001666,5
5597.68677000,0.00061040,0.00058381,1
5600.83389000,0.00003137,0.00001301,11
5600.90542000,0.00003708,0.00002773,2
5601.76373000,0.00005150,0.00005698,1
5601.84717000,0.00002917,0.00003912,6
5601.90678000,0.00002065,0.00002053,1
5603.02734000,0.00002277,0.00001182,8
5608.06990000,0.00001443,0.00004198,9
5612.65945000,0.00002673,0.00002788,1
5618.36958000,0.00002287,0.00006213,12
5618.39342000,0.00002911,0.00005682,10
5619.44246000,0.00004127,0.00004115,1
5622.64919000,0.00001593,0.00001943,4
5622.73264000,0.00001437,0.00001626,4
5622.81609000,0.00006792,0.00006829,1
5622.93530000,0.01364723,0.01345243,1
5623.09027000,0.00002783,0.00002548,0
5623.18563000,0.00001832,0.00001229,5
5623.23332000,0.00002020,0.00002516,4
5624.98569000,0.00004822,0.00001454,17
5626.67847000,0.00005924,0.00006727,4
5634.73701000,0.00001941,0.00001793,0
5636.64436000,0.00002161,0.00001359,5
5637.87222000,0.00007206,0.00001702,7
5640.30409000,0.00023801,0.00001102,3
5646.33608000,0.00008093,0.00006638,0
5652.58265000,0.00011527,0.00010621,0
5670.27330000,0.00003005,0.00001600,8
5670.29715000,0.00002560,0.00001919,2
5671.91839000,0.00003889,0.00002472,5
5671.93031000,0.00003692,0.00002585,2
5672.35947000,0.00019286,0.00006811,11
5672.40715000,0.00030412,0.00002561,3
5672.60981000,0.00053095,0.00048712,0
5672.87207000,0.00003250,0.00002347,2
5673.42043000,0.00087969,0.00004442,3
5679.48818000,0.00064122,0.00003701,3
5682.36113000,0.00001340,0.00001647,4
5683.37440000,0.00028622,0.00001301,3
5683.38633000,0.00028932,0.00001277,3
5693.12572000,0.00013285,0.00010379,2
5695.21189000,0.00010098,0.00011128,1
5700.91009000,0.00003225,0.00002924,0
5702.82936000,0.00011884,0.00029448,12
5704.68903000,0.00112020,0.00105780,24
5710.38723000,0.00201537,0.00162950,0
5710.50644000,0.00001577,0.00001086,2
5711.65085000,0.00006142,0.00004572,2
5711.99656000,0.00011044,0.00001253,13
5712.04424000,0.00006007,0.00001883,17
5716.97950000,0.00007869,0.00003313,11
5722.11742000,0.00005496,0.00036608,20
5722.12934000,0.00005355,0.00039817,16
5733.65688000,0.00025623,0.00022813,0
5736.42254000,0.00002208,0.00001093,8
5742.76447000,0.00004352,0.00001178,7
5744.27843000,0.00003331,0.00008716,12
5746.68646000,0.00006172,0.00019185,9
5746.76991000,0.00001782,0.00006749,9
5752.64692000,0.00004666,0.00003489,2
5760.66971000,0.00176139,0.00001923,3
5766.64209000,0.00001946,0.00003696,10
5767.04741000,0.00123755,0.00006272,3
5767.30967000,0.00003575,0.00007912,10
5767.50040000,0.00002847,0.00006044,10
5768.59713000,0.00001979,0.00007926,14
5768.94283000,0.00267991,0.00012888,3
5769.25278000,0.00006331,0.00014029,10
5775.65432000,0.00001460,0.00001604,1
5777.97890000,0.00009279,0.00001331,13
5780.07698000,0.00006283,0.00005864,0
5782.10354000,0.00004279,0.00002947,2
5788.11169000,0.00004578,0.00004503,1
5795.01390000,0.00094176,0.00081382,0
5795.02583000,0.00095555,0.00082381,0
5802.94132000,0.00003080,0.00002416,2
5813.62247000,0.00013081,0.00003044,7
5813.67016000,0.00006214,0.00006287,1
5820.39356000,0.00117012,0.00084950,2
5826.21098000,0.00014499,0.00001474,13
5826.23482000,0.00013024,0.00001646,13
5826.64013000,0.00065307,0.00002109,3
5826.91431000,0.00011190,0.00008940,2
5826.92623000,0.00011603,0.00009187,2
5828.11832000,0.00063934,0.00002453,3
5828.13025000,0.00061990,0.00002532,3
5828.54748000,0.00088192,0.00002284,3
5829.38194000,0.00038511,0.00001883,3
5837.19015000,0.00019667,0.00014591,2
5839.84852000,0.00001375,0.00002248,15
5844.78378000,0.00007858,0.00007394,0
5860.67438000,0.00077998,0.00001168,3
5860.68630000,0.00073549,0.00001183,3
5866.96863000,0.00002201,0.00001442,5
5869.84158000,0.00002843,0.00002163,2
5870.34225000,0.00001583,0.00001629,1
5870.92638000,0.00002038,0.00001163,5
5871.46282000,0.00003830,0.00001960,8
5871.89198000,0.00010413,0.00006273,5
5872.07079000,0.00006655,0.00004485,5
5872.08271000,0.00006566,0.00004575,2
5872.39265000,0.00003716,0.00002219,5
5872.59531000,0.00001525,0.00001127,2
5872.92910000,0.00005114,0.00003092,5
5875.53978000,0.00005819,0.00003765,5
5878.66306000,0.00005484,0.00004601,0
5890.54823000,0.00009570,0.00007528,2
5893.26620000,0.00011515,0.00008303,2
5893.27812000,0.00011810,0.00008461,2
5899.89424000,0.00007860,0.00001241,13
5899.93000000,0.00005881,0.00001575,7
5900.47836000,0.00001527,0.00001496,1
5909.86013000,0.00001529,0.00001807,4
5911.15952000,0.00005749,0.00004620,0
5912.95958000,0.00013943,0.00013257,1
5914.19935000,0.00023565,0.00001783,3
5914.24704000,0.00011926,0.00002978,7
5920.88699000,0.00117531,0.00114195,1
5934.38148000,0.00002391,0.00002116,0
5948.72236000,0.00001672,0.00001828,1
5948.73428000,0.00001860,0.00001680,0
5959.47504000,0.00017982,0.00001838,13
5968.41574000,0.00001597,0.00002705,15
5969.19060000,0.00003329,0.00004318,4
5969.50054000,0.00005158,0.00004979,1
5969.57207000,0.00007396,0.00005104,2
5969.73896000,0.00003234,0.00002984,0
5969.89393000,0.00004403,0.00004695,1
5970.08467000,0.00003888,0.00003209,0
5972.89801000,0.00009524,0.00010458,1
5979.38299000,0.00010311,0.00013605,6
5981.26650000,0.00300364,0.00325698,1
5983.74605000,0.00007781,0.00007635,1
5996.96636000,0.00003875,0.00001306,11
5996.97828000,0.00004214,0.00001288,17
5998.63529000,0.00060968,0.00064147,1
6012.67815000,0.00003835,0.00005692,6
6018.32867000,0.00008063,0.00005566,2
6018.40019000,0.00033296,0.00001222,3
6020.35522000,0.00004427,0.00001345,17
6021.70229000,0.00009160,0.00011041,4
6022.09568000,0.00028926,0.00041133,6
6023.76461000,0.00001919,0.00001158,5
6026.80445000,0.00001523,0.00001698,4
6026.86405000,0.00001362,0.00004375,9
6030.15423000,0.00003143,0.00004461,6
6030.17807000,0.00003255,0.00005074,6
6033.30135000,0.00005904,0.00002159,11
6033.57553000,0.00001887,0.00026436,16
6037.10413000,0.00004654,0.00005385,4
6040.91883000,0.00004976,0.00010112,10
6047.73760000,0.00003342,0.00001512,18
6049.75224000,0.00001824,0.00002597,6
6049.77608000,0.00002197,0.00002849,4
6052.49405000,0.00001819,0.00003400,10
6053.91264000,0.00114241,0.00001519,3
6056.55909000,0.00003464,0.00001390,11
6058.32338000,0.00001384,0.00001853,6
6058.90751000,0.00002916,0.00001513,8
6061.22017000,0.00001856,0.00002171,4
6061.23209000,0.00001795,0.00002261,4
6062.37650000,0.00001615,0.00002268,6
6077.76642000,0.00218747,0.00275739,4
6079.90026000,0.00002339,0.00001230,8
6087.43429000,0.00001540,0.00001829,4
6088.03034000,0.00001801,0.00002524,6
6088.28068000,0.00003643,0.00003023,0
6088.85288000,0.00003518,0.00004783,6
6088.97209000,0.00002133,0.00001463,2
6088.98401000,0.00002011,0.00001512,2
6089.71119000,0.00013313,0.00001091,3
6090.10458000,0.00025813,0.00031113,4
6095.44516000,0.00007178,0.00010626,6
6095.71934000,0.00010087,0.00012609,4
6101.46523000,0.00014336,0.00017308,4
6104.25472000,0.00024466,0.00001619,3
6107.02038000,0.00002614,0.00001392,8
6107.60450000,0.00004704,0.00001395,17
6109.76219000,0.00006174,0.00008374,6
6119.59696000,0.00002602,0.00002100,0
6120.61024000,0.00003295,0.00001233,11
6120.64600000,0.00002721,0.00002112,2
6122.04075000,0.00004642,0.00007628,15
6123.99578000,0.00001738,0.00002514,6
6124.24612000,0.00010832,0.00014777,6
6125.36669000,0.00013365,0.00018794,6
6133.47292000,0.00001410,0.00002038,6
6144.88125000,0.00002389,0.00003420,6
6151.02053000,0.00003786,0.00001497,11
6151.04437000,0.00003422,0.00001637,8
6158.84066000,0.00002846,0.00004502,15
6158.95987000,0.00443579,0.00588991,6
6163.43021000,0.00002054,0.00003211,15
6163.90705000,0.00002669,0.00002403,0
6164.00242000,0.00003032,0.00002743,0
6168.40124000,0.00002841,0.00015183,14
6168.44893000,0.00002205,0.00018021,16
6168.63966000,0.00004454,0.00052034,16
6168.67542000,0.00007727,0.00101638,16
6168.80655000,0.00009706,0.05278561,19
6168.84232000,0.00009969,0.05104840,19
6168.99729000,0.00001393,0.00079948,19
6176.13792000,0.00041651,0.00066148,15
6176.67437000,0.00001447,0.00009526,20
6177.74725000,0.00018336,0.00030503,15
6186.42569000,0.00088194,0.00003286,3
6186.52105000,0.00004136,0.00001272,17
6198.62080000,0.00001633,0.00001381,0
6198.63272000,0.00001700,0.00001523,0
6210.44636000,0.00001961,0.00002009,1
6213.64117000,0.00007865,0.00012925,15
6215.54852000,0.00002308,0.00005783,12
6215.76309000,0.00002189,0.00006527,9
6228.57809000,0.00007502,0.00001205,13
6236.24325000,0.00004111,0.00001511,11
6236.29093000,0.00008270,0.00001269,13
6244.00377000,0.00001578,0.00001320,0
6246.82903000,0.00003186,0.00008070,12
6247.47276000,0.00003389,0.00008175,12
6249.88079000,0.00003144,0.00006984,10
6250.00000000,0.00542557,0.01366620,12
6250.11921000,0.00002824,0.00008624,9
6250.15497000,0.00001584,0.00004363,12
6250.20266000,0.00001410,0.00003041,10
6250.67949000,0.00002155,0.00002046,1
6255.37634000,0.00001906,0.00008913,14
6255.43594000,0.00004493,0.00003438,2
6256.65188000,0.00014264,0.00002263,13
6259.53674000,0.00022445,0.00059157,12
6280.62487000,0.00004225,0.00008124,10
6280.64871000,0.00004281,0.00009029,10
6283.47397000,0.00003230,0.00006097,10
6283.59318000,0.00004322,0.00008271,10
6283.70047000,0.00002091,0.00004198,10
6287.12177000,0.00001903,0.00004661,12
6287.14561000,0.00002277,0.00004255,10
6287.71782000,0.00006241,0.00002545,11
6287.76550000,0.00003019,0.00003345,1
6288.25426000,0.00014380,0.00031358,10
6295.93134000,0.00021484,0.00003959,22
6296.53931000,0.00001418,0.00040380,19
6298.74468000,0.00002511,0.00004476,15
6300.24672000,0.00090043,0.00013392,13
6300.75932000,0.00003800,0.00007559,10
6307.18470000,0.00001391,0.00001393,1
6309.64041000,0.00005544,0.00010563,10
6311.82194000,0.00002234,0.00008429,9
6311.88154000,0.00001636,0.00023944,16
6312.42990000,0.00002981,0.00007174,12
6316.51878000,0.00014963,0.00037313,12
6316.53070000,0.00015767,0.00039266,12
6317.81816000,0.00001586,0.00007264,14
6317.84201000,0.00001999,0.00005614,12
6319.45133000,0.00010251,0.00007821,2
6319.52286000,0.00054665,0.00003265,3
6321.62094000,0.00003038,0.00003309,1
6321.64478000,0.00002771,0.00003019,1
6329.16689000,0.00002401,0.00001509,5
6329.67949000,0.00001391,0.00003048,10
6329.72717000,0.00003994,0.00001405,11
6336.10487000,0.00005433,0.00009857,15
6337.42809000,0.00002723,0.00005233,10
6338.50098000,0.00002496,0.00004882,10
6339.40697000,0.00001516,0.00002169,6
6339.62154000,0.00002140,0.00021255,16
6339.63346000,0.00002191,0.00020384,16
6340.30104000,0.00033129,0.00006946,7
6340.36064000,0.00085625,0.00002567,3
6344.11573000,0.00099340,0.00162564,15
6349.73049000,0.00002054,0.00004906,12
6349.95699000,0.00028872,0.00045354,15
6351.10140000,0.00004820,0.00002372,8
6351.16100000,0.00002776,0.00006498,12
6351.26829000,0.00004555,0.00006814,6
6351.28021000,0.00004543,0.00006878,6
6351.38750000,0.00003280,0.00005155,15
6353.91474000,0.00025431,0.00032829,4
6354.09355000,0.00026441,0.00027576,1
6359.76791000,0.00001337,0.00001506,4
6359.77983000,0.00001374,0.00001374,1
6360.87656000,0.00002626,0.00001806,2
6361.73487000,0.00001489,0.00001199,0
6362.33091000,0.00002026,0.00005009,12
6362.99849000,0.00011697,0.00001288,13
6363.42764000,0.00002765,0.00006048,10
6364.25018000,0.00004853,0.00001536,17
6364.66742000,0.00003315,0.00001169,11
6364.69126000,0.00003842,0.00001310,11
6365.59725000,0.00005588,0.00011112,10
6375.15783000,0.00068913,0.00076361,1
6381.51169000,0.00037265,0.00165969,14
6389.36758000,0.00001646,0.00007389,14
6389.90402000,0.00008131,0.00002356,17
6390.16628000,0.00002225,0.00002642,4
6390.17820000,0.00002239,0.00002510,4
6390.57159000,0.00008484,0.00010856,4
6390.58352000,0.00008522,0.00010812,4
6392.46702000,0.00008393,0.00012044,6
6394.99426000,0.00002715,0.00009577,9
6395.38765000,0.00036371,0.00147316,14
6395.44725000,0.00013465,0.00054163,14
6395.60223000,0.00004107,0.00005232,4
6395.76912000,0.00009956,0.00010351,1
6396.10291000,0.00024551,0.00025420,1
6396.16251000,0.00026321,0.00026721,1
6396.26980000,0.00004797,0.00004642,1
6396.31748000,0.00006124,0.00006126,1
6396.32940000,0.00006072,0.00006230,1
6396.55590000,0.00010158,0.00009393,0
6396.80624000,0.00007513,0.00008216,1
6400.69246000,0.00002844,0.00014338,14
6402.83823000,0.00039526,0.00045639,4
6405.24626000,0.00003071,0.00006072,10
6405.30586000,0.00011469,0.00002216,7
6406.52180000,0.00001308,0.00001915,6
6406.65293000,0.00001600,0.00005125,9
6406.77214000,0.00009248,0.00003080,11
6408.89406000,0.00003362,0.00015502,14
6410.03847000,0.00001618,0.00003006,10
6414.71148000,0.00004145,0.00016233,14
6417.69171000,0.00001408,0.00002253,15
6417.98973000,0.00001834,0.00006908,9
6418.02549000,0.00005351,0.00013164,12
6418.18047000,0.00744337,0.02883672,9
6418.34736000,0.00002190,0.00008521,14
6418.38312000,0.00001683,0.00007713,14
6419.40832000,0.00006649,0.00004749,2
6429.01659000,0.00005136,0.00006448,4
6429.02851000,0.00005029,0.00006852,6
6429.45766000,0.00004697,0.00037504,16
6429.51727000,0.00001890,0.00096057,19
6429.94642000,0.00006218,0.00001576,7
6431.68688000,0.00002617,0.00005075,10
6431.75840000,0.00001776,0.00003096,15
6431.80609000,0.00002757,0.00004433,15
6431.94914000,0.00001473,0.00005255,9
6431.99682000,0.00001664,0.00006907,14
6432.04451000,0.00002033,0.00009218,14
6432.08027000,0.00002563,0.00007253,12
6432.13987000,0.00006427,0.00028013,14
6432.28292000,0.00967504,0.03445159,9
6432.48558000,0.00002113,0.00010411,14
6432.53326000,0.00002875,0.00008789,9
6432.58095000,0.00001352,0.00007701,14
6432.77168000,0.00001587,0.00003450,10
6432.85513000,0.00020303,0.00003630,13
6432.96242000,0.00002950,0.00004689,15
6433.30812000,0.00009296,0.00002518,7
6433.33197000,0.00011220,0.00001675,13
6433.40349000,0.00002517,0.00002142,0
6434.36909000,0.00001778,0.00001390,2
6435.45389000,0.00008623,0.00001602,22
6435.56118000,0.00001664,0.00004066,12
6442.70182000,0.00001666,0.00002595,6
6444.75222000,0.00002496,0.00002134,0
6445.41979000,0.00131260,0.00103482,2
6445.71781000,0.00102121,0.00081075,2
6445.72973000,0.00104323,0.00082965,2
6446.13504000,0.00010302,0.00002446,7
6455.79100000,0.00001427,0.00001690,4
6456.02942000,0.00001346,0.00001250,0
6456.14862000,0.00309612,0.00002742,3
6456.51817000,0.00006152,0.00005104,0
6458.80699000,0.00001568,0.00002805,15
6459.58185000,0.00003527,0.00004687,6
6459.62954000,0.00006419,0.00002052,17
6459.68914000,0.00006656,0.00002981,18
6459.77259000,0.00002630,0.00021791,16
6459.85603000,0.00001431,0.00001375,1
6462.66937000,0.00002647,0.00001871,2
6463.70649000,0.00020593,0.00009708,8
6464.48135000,0.00055873,0.00002344,3
6464.89859000,0.00108287,0.00002012,3
6465.51847000,0.00021396,0.00018170,0
6465.53040000,0.00020879,0.00018752,0
6465.76881000,0.00001491,0.00004387,9
6468.31989000,0.00001825,0.00001394,2
6468.57023000,0.00009272,0.00001568,13
6468.58215000,0.00009225,0.00001624,13
6469.03515000,0.00018666,0.00004902,7
6469.13052000,0.00003741,0.00001503,11
6470.83521000,0.00007984,0.00003584,18
6470.90673000,0.00001656,0.00002043,4
6473.27900000,0.00003280,0.00002581,2
6474.67375000,0.00230219,0.00005291,3
6476.90296000,0.00003989,0.00022668,14
6479.66862000,0.00296611,0.00004836,3
6480.14545000,0.00039211,0.00002084,3
6480.45540000,0.00002751,0.00002601,24
6481.36139000,0.00017745,0.00001263,3
6486.45163000,0.00003217,0.00052466,16
6486.48739000,0.00004513,0.00046558,16
6489.90870000,0.00003165,0.00007905,12
6493.44921000,0.00002086,0.00001116,8
6494.43865000,0.00007267,0.00001699,7
6498.16990000,0.00007146,0.00010821,6
6498.18182000,0.00007650,0.00011612,6
6503.47471000,0.00002984,0.00003252,1
6506.13308000,0.00003279,0.00003566,1
6506.69336000,0.00004396,0.00016401,9
6511.46173000,0.00040415,0.00002003,3
6514.07242000,0.00004182,0.00004367,1
6514.08434000,0.00004396,0.00004345,1
6515.03801000,0.00005377,0.00004523,0
6515.20491000,0.00008237,0.00001225,13
6515.66982000,0.00002395,0.00002051,0
6515.68174000,0.00002352,0.00002063,0
6516.77847000,0.00002075,0.00001330,5
6517.13610000,0.00016998,0.00001204,3
6521.77334000,0.00016551,0.00016880,1
6524.24097000,0.00002026,0.00001200,5
6524.45555000,0.00001848,0.00002899,15
6525.01583000,0.00010221,0.00002481,7
6527.73380000,0.00005351,0.00005511,1
6528.01991000,0.00001453,0.00014264,16
6528.03183000,0.00001454,0.00013163,16
6528.13911000,0.00002619,0.00001316,8
6528.50866000,0.00015009,0.00001208,3
6529.52194000,0.00003131,0.00001180,11
6530.36833000,0.00016665,0.00001088,3
6530.38025000,0.00015936,0.00001110,3
6532.78828000,0.00002215,0.00001109,8
6537.33015000,0.00016241,0.00005653,11
6540.35807000,0.00001511,0.00001575,1
6541.14485000,0.00004095,0.00003547,0
6542.63496000,0.00003309,0.00002261,2
6545.71056000,0.00188464,0.00005831,3
6554.90160000,0.00001394,0.00001285,0
6555.40228000,0.00003558,0.00001616,18
6556.96392000,0.00002438,0.00002797,4
6557.98912000,0.00001613,0.00001544,1
6558.20370000,0.00009208,0.00008159,0
6558.87127000,0.00019366,0.00005987,17
6558.88319000,0.00020071,0.00006140,17
6559.24082000,0.00008224,0.00018322,10
6559.37195000,0.00001519,0.00004009,12
6560.79054000,0.00001656,0.00002125,4
6561.14817000,0.00005117,0.00006150,4
6562.50715000,0.00007022,0.00008764,4
6562.60252000,0.00001508,0.00006733,14
6564.35490000,0.00003956,0.00029385,16
6564.45026000,0.00001558,0.00016447,16
6565.21320000,0.00023878,0.00022500,0
6565.89270000,0.00021814,0.00021464,1
6569.60011000,0.00019009,0.00002151,13
6569.64779000,0.00009178,0.00001181,13
6570.18423000,0.00001838,0.00002531,6
6570.51802000,0.00002464,0.00020193,16
6570.63723000,0.00005848,0.00001705,17
6570.68491000,0.00003534,0.00001848,8
6574.44000000,0.00002926,0.00001145,11
6577.90899000,0.00031139,0.00002800,21
6577.93283000,0.00007924,0.00003077,11
6578.24278000,0.00060288,0.00057107,1
6579.02956000,0.00004723,0.00005191,1
6585.22844000,0.00004225,0.00001839,18
6589.59150000,0.00001373,0.00005219,9
6591.77303000,0.00001875,0.00003221,15
6591.79687000,0.00002263,0.00002979,6
6594.35987000,0.00006123,0.00001510,7
6598.05536000,0.00001710,0.00002542,6
6600.22497000,0.00055764,0.00035852,5
6600.23689000,0.00057615,0.00036660,5
6601.52435000,0.00002232,0.00002328,1
6601.54819000,0.00002388,0.00002650,1
6601.75085000,0.00005865,0.00005394,0
6610.17895000,0.00001854,0.00001624,0
6610.56042000,0.00020438,0.00017435,0
6612.90884000,0.00007033,0.00001326,7
6613.42144000,0.00014467,0.00003971,17
6620.65744000,0.00006479,0.00007606,4
6621.36078000,0.00006495,0.00007261,4
6621.70649000,0.00044817,0.00001221,3
6622.50519000,0.00003414,0.00001471,18
6623.25621000,0.00105986,0.00006860,3
6626.61791000,0.00002809,0.00036730,16
6626.62983000,0.00003481,0.00035082,16
6627.08282000,0.00002012,0.00002533,4
6628.27492000,0.00013196,0.00011904,0
6628.28684000,0.00013605,0.00011796,0
6632.47108000,0.00051756,0.00052190,1
6632.48301000,0.00054597,0.00055016,1
6632.70950000,0.00062650,0.00058855,0
6634.54533000,0.00049176,0.00012705,7
6634.64069000,0.00015788,0.00003604,7
6639.94551000,0.00008560,0.00001806,7
6640.06472000,0.00024230,0.00005321,7
6641.25681000,0.00001502,0.00002137,6
6642.92574000,0.00010363,0.00011728,4
6647.26496000,0.00025671,0.00006935,7
6654.36983000,0.00001873,0.00002334,4
6654.38175000,0.00001935,0.00002431,4
6661.05747000,0.00008161,0.00006275,2
6661.17668000,0.00002410,0.00001771,2
6663.00058000,0.00001350,0.00001519,4
6663.26284000,0.00006073,0.00004726,2
6665.70663000,0.00060418,0.00001549,3
6669.64054000,0.00001809,0.00001295,2
6673.74134000,0.00004664,0.00035717,16
6674.55196000,0.00002209,0.00005688,12
6674.96920000,0.00001849,0.00005884,9
6674.98112000,0.00001836,0.00006140,9
6677.36530000,0.00001559,0.00001337,0
6677.40107000,0.00002679,0.00001471,8
6677.77061000,0.00005215,0.00014693,12
6677.78254000,0.00005311,0.00014600,12
6681.33497000,0.00005533,0.00004953,0
6681.69260000,0.00006793,0.00006006,0
6683.76684000,0.00418195,0.00020653,3
6685.31656000,0.00882941,0.00043542,3
6685.32848000,0.00923011,0.00045671,3
6687.35504000,0.00001922,0.00116076,19
6691.18166000,0.00068092,0.00053378,2
6696.22421000,0.00002273,0.00001467,5
6698.77529000,0.00065482,0.00002878,3
6699.58591000,0.00036033,0.00029018,0
6702.32773000,0.00002309,0.00001603,2
6702.99530000,0.00040752,0.00001392,3
6704.55694000,0.00097736,0.00003721,3
6706.57158000,0.00001584,0.00003591,12
6706.58350000,0.00001532,0.00003770,12
6708.20475000,0.00002933,0.00001260,18
6708.24051000,0.00001589,0.00001219,2
6708.41932000,0.00099250,0.00099366,1
6709.20610000,0.00014094,0.00001221,3
6717.62228000,0.00002473,0.00009973,14
6717.63420000,0.00001919,0.00010501,14
6717.71765000,0.00001587,0.00003385,10
6718.81437000,0.00023334,0.00017799,2
6720.24488000,0.00020503,0.00001464,3
6720.32833000,0.00054212,0.00002314,3
6720.37601000,0.00288393,0.00004803,3
6720.49522000,0.09334319,0.00473820,3
6720.68596000,0.00014336,0.00007982,23
6720.73364000,0.00029507,0.00007244,7
6721.71116000,0.00031158,0.00001105,3
6721.75884000,0.00038851,0.00001895,3
6721.85421000,0.00048878,0.00002581,3
6721.88997000,0.00091766,0.00003052,3
6722.04494000,0.23537106,0.01133804,3
6722.21184000,0.00069109,0.00003001,3
6722.24760000,0.00050917,0.00001605,3
6722.29528000,0.00043966,0.00002043,3
6722.34297000,0.00035990,0.00001906,3
6722.43834000,0.00025365,0.00001787,3
6725.66891000,0.00002557,0.00001103,18
6726.96829000,0.00001607,0.00003080,10
6729.92468000,0.00001441,0.00001710,4
6730.04389000,0.00003545,0.00031199,16
6737.11300000,0.00021212,0.00018810,0
6743.86024000,0.00003220,0.00024055,16
6747.65110000,0.00011708,0.00002342,7
6747.93720000,0.00003171,0.00001137,11
6749.57037000,0.00002259,0.00004640,10
6751.89495000,0.00002345,0.00022475,16
6753.36123000,0.00002515,0.00002256,0
6753.46851000,0.00004378,0.00002820,5
6753.48043000,0.00004504,0.00003160,2
6753.65925000,0.00008027,0.00005530,2
6753.71885000,0.00012664,0.00009196,2
6753.73077000,0.00012551,0.00009359,2
6753.84998000,0.00009894,0.00003786,11
6753.89767000,0.00007666,0.00003953,8
6754.26722000,0.00004557,0.00002860,5
6754.37450000,0.00040934,0.00030055,2
6754.38643000,0.00041924,0.00030830,2
6754.54140000,0.00012964,0.00009097,2
6754.67253000,0.00035376,0.00026769,2
6754.68445000,0.00037265,0.00028391,2
6754.83942000,0.00100676,0.00075443,2
6754.98247000,0.00028902,0.00021634,2
6755.39970000,0.00046747,0.00034106,2
6755.69773000,0.00038236,0.00028466,2
6756.00767000,0.00002415,0.00002844,4
6756.19841000,0.00007013,0.00005335,2
6756.34146000,0.00006197,0.00005848,0
6756.55603000,0.00001759,0.00002438,6
6756.61564000,0.00004035,0.00003870,1
6756.97327000,0.00005964,0.00005918,1
6756.98519000,0.00006195,0.00005772,0
6757.30705000,0.00277057,0.00004011,3
6757.90310000,0.00267421,0.00222315,0
6759.63163000,0.00001745,0.00001802,1
6760.89525000,0.00004029,0.00003463,0
6762.19463000,0.00051510,0.00001718,3
6762.68339000,0.00003368,0.00002139,5
6765.58018000,0.00001933,0.00007007,9
6767.23719000,0.00003154,0.00002197,2
6768.63194000,0.00002157,0.00005106,12
6768.69154000,0.00006242,0.00001531,7
6769.10877000,0.00005556,0.00004646,0
6772.50624000,0.00004413,0.00011341,12
6774.47319000,0.00002555,0.00001399,8
6774.48511000,0.00002397,0.00001412,5
6775.28381000,0.00086671,0.00004142,3
6776.36862000,0.00040433,0.00002691,3
6776.38054000,0.00037898,0.00002723,3
6777.25077000,0.00043842,0.00002189,3
6781.05354000,0.00002700,0.00002009,2
6781.07738000,0.00002257,0.00002294,1
6783.65231000,0.00001529,0.00001309,0
6789.05249000,0.00010516,0.00001555,13
6789.14785000,0.00031484,0.00007679,7
6792.41419000,0.00001373,0.00001620,4
6792.72413000,0.00003409,0.00002435,2
6793.29634000,0.00001333,0.00004247,9
6800.47274000,0.00001391,0.00008594,20
6804.21591000,0.00001953,0.00006821,9
6806.37360000,0.00008741,0.00002203,7
6806.39744000,0.00007559,0.00001758,7
6810.40287000,0.00055452,0.00013317,7
6816.36333000,0.00005655,0.00005416,1
6816.37526000,0.00005835,0.00005697,1
6835.10303000,0.00087435,0.00001132,3
6837.39185000,0.00013096,0.00013584,1
6841.90989000,0.00002961,0.00001488,8
6841.93373000,0.00003312,0.00001656,8
6842.35096000,0.00009823,0.00011044,4
6844.35368000,0.00001582,0.00002714,15
6848.23990000,0.00232383,0.00187407,0
6848.43063000,0.00011172,0.00011183,1
6859.56478000,0.00001822,0.00006103,9
6860.01778000,0.00004705,0.00001493,17
6865.63253000,0.00001494,0.00001124,2
6866.57429000,0.00011763,0.00009217,2
6866.58621000,0.00012077,0.00009669,2
6869.28034000,0.00009093,0.00010745,4
6874.99046000,0.00002055,0.00001209,5
6875.41962000,0.00001427,0.00001346,0
6876.94550000,0.00610899,0.00010471,3
6889.09292000,0.00002566,0.00002619,1
6889.28366000,0.00006724,0.00007956,4
6895.30373000,0.00012054,0.00014682,4
6905.43652000,0.00007119,0.00020395,12
6906.25906000,0.00002389,0.00001366,5
6906.74782000,0.00227287,0.00214300,0
6910.81285000,0.00006418,0.00005904,0
6910.83670000,0.00006774,0.00006702,1
6916.16535000,0.00020334,0.00019894,1
6916.17727000,0.00020361,0.00019996,1
6922.70994000,0.00008657,0.00080522,16
6925.47560000,0.00001334,0.00002001,6
6926.16701000,0.00014548,0.00012635,0
6926.17893000,0.00015512,0.00013268,0
6931.09035000,0.00001334,0.00001797,6
6931.17380000,0.00002651,0.00002165,0
6931.18572000,0.00003005,0.00002623,0
6931.32877000,0.00858158,0.00830878,1
6931.91290000,0.00003216,0.00002403,2
6931.96058000,0.00005920,0.00004244,2
6932.60431000,0.00003654,0.00044451,16
6933.35533000,0.00008751,0.00001892,7
6936.12099000,0.00041067,0.00039829,1
6936.13291000,0.00043052,0.00041946,1
6936.62167000,0.00001523,0.00007030,14
6936.63359000,0.00001573,0.00006727,14
6938.51709000,0.00010722,0.00009449,0
6944.28682000,0.00002825,0.00001154,11
6945.27626000,0.00003831,0.00030959,16
6946.36106000,0.00002297,0.00001379,5
6955.79052000,0.00003505,0.00002024,5
6957.75747000,0.00003344,0.00002481,2
6968.34326000,0.00002931,0.00001493,8
6970.76321000,0.00003889,0.00013027,9
6972.96858000,0.00005261,0.00003716,2
6974.36333000,0.00042265,0.00036662,0
6974.98322000,0.00009227,0.00029770,9
6978.78599000,0.00001547,0.00001910,4
6981.51588000,0.00002796,0.00002834,1
6981.52781000,0.00002829,0.00002970,1
6983.28018000,0.00001487,0.00001960,6
6994.93885000,0.00161691,0.00041825,7
6996.77467000,0.00024805,0.00001181,3
7005.39351000,0.00007811,0.00007859,1
7008.09956000,0.00098754,0.00025165,7
7008.26645000,0.00043053,0.00010702,7
7010.47182000,0.00001875,0.00002018,1
7010.48374000,0.00001730,0.00002128,4
7014.82296000,0.00019436,0.00001436,3
7014.83488000,0.00019212,0.00001438,3
7016.08658000,0.00005331,0.00019327,9
7018.38732000,0.00005831,0.00001454,7
7018.48269000,0.00071952,0.00019129,7
7018.62574000,0.00028797,0.00007497,7
7018.69726000,0.00007256,0.00001533,7
7019.78207000,0.00003647,0.00004243,4
7019.87743000,0.00002391,0.00013178,14
7020.31851000,0.00008181,0.00005813,2
7020.50924000,0.00006140,0.00005111,0
7021.29602000,0.00003384,0.00002161,5
7021.62981000,0.00002133,0.00001462,2
7022.46428000,0.00133140,0.00001980,3
7022.61925000,0.00062313,0.00001819,3
7022.64309000,0.00069180,0.00001510,3
7026.79157000,0.00002786,0.00002753,1
7032.52554000,0.00006488,0.00005839,0
7032.74012000,0.00021787,0.00017177,2
7032.82356000,0.00031826,0.00025259,2
7032.95469000,0.00018614,0.00016313,0
7033.39577000,0.00119977,0.00097764,0
7033.57458000,0.00069783,0.00056229,0
7033.74147000,0.00005913,0.00005710,1
7033.84876000,0.00018503,0.00015626,0
7033.97989000,0.00172432,0.00139110,0
7034.12294000,0.00126201,0.00101734,0
7034.51633000,0.00042916,0.00034654,0
7034.75475000,0.00030627,0.00025328,0
7034.95741000,0.00087489,0.00070624,0
7035.29119000,0.00058186,0.00046719,0
7035.47001000,0.00014484,0.00012051,0
7035.55346000,0.00023890,0.00019755,0
7035.79187000,0.00019065,0.00015628,0
7036.22103000,0.00021905,0.00017375,2
7036.30447000,0.00004679,0.00002789,5
7036.32832000,0.00007091,0.00005207,2
7036.38792000,0.00002185,0.00001291,5
7041.00132000,0.00135812,0.00001267,3
7041.12053000,0.00027963,0.00026193,0
7041.13245000,0.00029428,0.00026393,0
7047.93930000,0.00002530,0.00002649,1
7064.95047000,0.00028321,0.00027223,1
7070.45794000,0.00001358,0.00001930,6
7071.49506000,0.00052653,0.00002244,3
7073.27127000,0.00024760,0.00001182,3
7076.06077000,0.00031662,0.00034606,1
7083.80938000,0.01981379,0.00039801,3
7083.98819000,0.01093602,0.00022286,3
7088.70888000,0.00003120,0.00002222,2
7091.08114000,0.00002742,0.00002340,0
7095.96872000,0.00001998,0.00003140,15
7095.98064000,0.00002220,0.00003278,6
7107.92542000,0.00002554,0.00001219,8
7118.22510000,0.00002478,0.00002028,0
7127.32077000,0.00009763,0.00001377,13
7127.34461000,0.00012194,0.00001257,13
7131.88648000,0.00051281,0.00001158,3
7138.91983000,0.00003203,0.00003523,1
7138.93175000,0.00003404,0.00003564,1
7142.78221000,0.00005375,0.00001661,17
7152.99845000,0.00004905,0.00003999,0
7153.61834000,0.00021578,0.00001585,3
7154.07133000,0.00007386,0.00001481,7
7154.09517000,0.00008007,0.00001336,13
7157.25422000,0.00002817,0.00002367,0
7157.27806000,0.00003120,0.00002215,2
7160.66360000,0.00005134,0.00004458,0
7162.91666000,0.00002020,0.00001823,0
7162.94050000,0.00001784,0.00002033,4
7164.40678000,0.00002089,0.00004001,10
7164.43062000,0.00002158,0.00004715,10
7169.62814000,0.00001910,0.00001129,5
7170.61758000,0.00002098,0.00002497,4
7171.45205000,0.00001724,0.00001817,1
7171.47589000,0.00001489,0.00002375,15
7181.06031000,0.00002646,0.00002731,1
7187.49762000,0.00037400,0.00044599,4
7190.07254000,0.00004553,0.00001378,17
7190.08446000,0.00004726,0.00001227,7
7192.18254000,0.00002420,0.00001144,8
7194.72170000,0.00002914,0.00001326,8
7195.74690000,0.00002983,0.00002584,0
7197.89267000,0.00010172,0.00001383,13
7197.95227000,0.00003934,0.00002629,5
7201.34974000,0.00002781,0.00002497,0
7205.39093000,0.00081193,0.00081892,1
7205.58167000,0.00005226,0.00002758,8
7206.07042000,0.00003311,0.00002859,0
7206.57110000,0.00015862,0.00013022,0
7206.77376000,0.00004957,0.00004196,0
7206.78568000,0.00004918,0.00004144,0
7206.95257000,0.00004694,0.00003257,2
7206.98833000,0.00003159,0.00001629,8
7207.11946000,0.00007549,0.00005707,2
7207.16715000,0.00011709,0.00009127,2
7207.58438000,0.00008450,0.00006940,0
7208.21619000,0.00008183,0.00006126,2
7208.96721000,0.00002413,0.00001508,5
7209.06258000,0.00001732,0.00001850,1
7209.11026000,0.00003579,0.00002336,5
7209.24139000,0.00012182,0.00010900,0
7209.68246000,0.00244072,0.00001976,3
7210.11162000,0.00005301,0.00005906,4
7214.92767000,0.00001372,0.00002385,15
7218.49203000,0.00002016,0.00004164,10
7218.87350000,0.00016010,0.00004185,7
7218.95695000,0.00004884,0.00001217,7
7219.12384000,0.00005552,0.00004816,0
7223.48690000,0.00068560,0.00051716,2
7223.64187000,0.00139236,0.00104270,2
7223.74916000,0.00141400,0.00105449,2
7224.15447000,0.00096980,0.00072808,2
7224.17831000,0.00109759,0.00082521,2
7224.24984000,0.00019413,0.00014515,2
7224.57170000,0.00114440,0.00087099,2
7224.58363000,0.00116514,0.00088862,2
7224.72668000,0.00432630,0.00326471,2
7224.94125000,0.00144040,0.00109065,2
7225.09623000,0.00134078,0.00101411,2
7225.26312000,0.00355552,0.00306765,0
7225.76380000,0.00222078,0.00167355,2
7226.21679000,0.00094966,0.00072975,2
7226.37177000,0.00215226,0.00163521,2
7227.12278000,0.00074134,0.00056126,2
7227.25391000,0.00085424,0.00064779,2
7227.39697000,0.00040408,0.00029226,2
7228.35064000,0.00097666,0.00096789,1
7229.00629000,0.00106784,0.00001408,3
7232.76138000,0.00002503,0.00003168,4
7240.11660000,0.00003627,0.00001218,11
7240.15236000,0.00005763,0.00001190,7
7240.20004000,0.00003960,0.00004193,1
7240.42654000,0.00023091,0.00023994,1
7241.24908000,0.00001721,0.00001794,1
7247.22147000,0.00001633,0.00001336,0
7248.31820000,0.00011544,0.00011687,1
7253.21770000,0.00005506,0.00121707,19
7253.26538000,0.00009813,0.00063167,20
7259.16624000,0.00001565,0.00001390,0
7259.17816000,0.00001590,0.00001373,0
7260.69212000,0.00002970,0.00004282,6
7260.99014000,0.00003635,0.00004192,4
7264.36377000,0.00013221,0.00012405,0
7264.37569000,0.00013860,0.00013048,0
7268.44072000,0.00101459,0.00096149,1
7272.35079000,0.00013492,0.00012421,0
7278.80001000,0.00002368,0.00002799,4
7279.38414000,0.00003563,0.00003011,0
7284.83200000,0.00025885,0.00004952,7
7284.89161000,0.00061685,0.00001090,3
7288.21754000,0.00007541,0.00009924,6
7288.22947000,0.00008135,0.00010482,4
7289.60037000,0.00004193,0.00004563,1
7290.12489000,0.00010107,0.00010074,1
7290.13681000,0.00010175,0.00010123,1
7290.48252000,0.00228534,0.00217427,1
7291.90111000,0.00005354,0.00005338,1
7296.80061000,0.00001347,0.00184221,19
7296.89598000,0.00004366,0.00009629,10
7298.55299000,0.00002089,0.00005057,12
7302.59418000,0.00001974,0.00002456,4
7303.88165000,0.00004835,0.00003043,5
7303.92933000,0.00006180,0.00002503,11
7305.50289000,0.00001806,0.00002360,4
7309.57985000,0.00003330,0.00006137,10
7310.50968000,0.00044010,0.00001298,3
7312.01172000,0.00001363,0.00002104,6
7313.95483000,0.00016212,0.00001176,3
7314.02636000,0.00005084,0.00003356,5
7316.48207000,0.00006956,0.00005891,0
7317.84105000,0.00001306,0.00001980,6
7317.93642000,0.00002342,0.00002117,0
7317.98410000,0.00004872,0.00004878,1
7318.13908000,0.01483748,0.01487646,1
7318.29405000,0.00004516,0.00004313,1
7318.32981000,0.00001926,0.00001590,0
7318.42518000,0.00002072,0.00001306,5
7318.58015000,0.00001699,0.00001510,0
7318.72320000,0.00002118,0.00002322,1
7318.73512000,0.00002576,0.00002309,0
7319.29541000,0.00003385,0.00001180,11
7325.43468000,0.00001802,0.00013669,16
7326.29299000,0.00059991,0.00060175,1
7329.21362000,0.00019863,0.00004578,7
7329.26130000,0.00009012,0.00016228,15
7334.74493000,0.00016232,0.00001716,13
7337.76093000,0.00006034,0.00002036,11
7342.68427000,0.00008241,0.00001408,13
7344.09094000,0.00002355,0.00001645,2
7347.09501000,0.00006446,0.00006371,1
7347.17846000,0.00005929,0.00005871,1
7347.41688000,0.00016857,0.00016617,1
7347.42880000,0.00017080,0.00016590,1
7347.66722000,0.00040368,0.00034328,0
7349.90835000,0.00002278,0.00001086,8
7354.70057000,0.00019348,0.00001703,3
7354.77209000,0.00432756,0.00007816,3
7354.86746000,0.05603801,0.00094711,3
7354.91514000,0.02708234,0.00046905,3
7355.02243000,0.00015245,0.00001377,21
7355.05819000,0.00011799,0.00006079,8
7355.10588000,0.00010096,0.00013251,-1
7355.15356000,0.00008125,0.00016426,10
7355.17740000,0.00003624,0.00017962,14
7355.24893000,0.00005615,0.00007532,6
7355.54695000,0.00003049,0.00001346,18
7358.76560000,0.00001709,0.00027464,16
7358.78944000,0.00002160,0.00023823,16
7360.25572000,0.00201968,0.00001767,3
7365.60822000,0.00004822,0.00004471,0
7365.72742000,0.00002013,0.00002151,1
7368.74342000,0.00019911,0.00024458,4
7373.54755000,0.00004768,0.00003193,5
7377.25496000,0.00001674,0.00001406,0
7377.77948000,0.00070017,0.00069058,1
7381.66571000,0.00009829,0.00007770,2
7381.67763000,0.00010409,0.00008455,0
7391.59584000,0.00002555,0.00001316,8
7394.55223000,0.00005421,0.00004169,2
7402.62270000,0.00007382,0.00005060,2
7404.04129000,0.00001534,0.00024724,16
7404.07705000,0.00005590,0.00029995,14
7404.13666000,0.00006140,0.00020617,9
7404.24395000,0.00013644,0.00001152,3
7404.31547000,0.00003365,0.00001848,8
7404.33931000,0.00001355,0.00001338,1
7405.24530000,0.00001553,0.00001126,2
7405.36451000,0.00067464,0.00065766,1
7405.37643000,0.00070738,0.00069097,1
7405.57909000,0.00001893,0.00001300,2
7405.68638000,0.00002388,0.00002183,0
7405.73406000,0.00002532,0.00002260,0
7405.81751000,0.00003283,0.00002013,5
7405.86519000,0.00003965,0.00003729,0
7405.91288000,0.00007743,0.00007204,0
7406.06785000,0.02602155,0.02406658,0
7406.07977000,0.02648745,0.02450992,0
7406.22282000,0.00007205,0.00006948,1
7406.23474000,0.00008236,0.00007293,0
7406.30627000,0.00002831,0.00003431,4
7406.35395000,0.00002836,0.00002504,0
7406.40163000,0.00001912,0.00001153,5
7406.44932000,0.00002027,0.00001592,2
7406.55661000,0.00001865,0.00001638,0
7406.65197000,0.00001450,0.00001953,6
7407.71294000,0.00077113,0.00077671,1
7409.70373000,0.00003686,0.00002850,2
7414.43634000,0.00019117,0.00018819,1
7420.67099000,0.00001680,0.00005733,9
7420.69483000,0.00001947,0.00005033,12
7421.80347000,0.00020150,0.00001183,3
7422.91212000,0.00010180,0.00004987,8
7422.97173000,0.00037429,0.00007962,7
7422.98365000,0.00035876,0.00011898,11
7432.97338000,0.00063092,0.00014208,7
7433.06875000,0.00012859,0.00001465,13
7436.01322000,0.00008574,0.00008030,0
7436.28740000,0.00004066,0.00001577,11
7446.43211000,0.00022754,0.00004101,13
7446.71822000,0.00007016,0.00001329,7
7449.73421000,0.00008782,0.00001445,13
7451.68924000,0.00001599,0.00001118,2
7468.91499000,0.00006087,0.00001162,7
7470.42894000,0.00003986,0.00002210,8
7482.27835000,0.00417034,0.00357302,0
7488.04808000,0.00002533,0.00007755,9
7488.08384000,0.00004787,0.00012191,12
7491.33825000,0.00005200,0.00001385,7
7491.43362000,0.00013412,0.00001695,13
7491.69588000,0.00005581,0.00001096,7
7493.59131000,0.00098922,0.00003361,3
7496.40465000,0.00002054,0.00002268,1
7496.44041000,0.00004288,0.00003117,2
7496.55962000,0.00791878,0.00715915,0
7496.71459000,0.00002871,0.00001654,5
7496.72651000,0.00002953,0.00001796,5
7498.46697000,0.00043150,0.00002004,3
7498.47889000,0.00042297,0.00002115,3
7499.99285000,0.00021599,0.00024777,4
7500.62466000,0.00004037,0.00001433,11
7500.69618000,0.00001329,0.00004719,9
7502.28167000,0.00002818,0.00001930,2
7524.95527000,0.00746175,0.00010391,3
7525.28906000,0.00390409,0.00005305,3
7541.47768000,0.00002631,0.00001248,8
7543.34927000,0.00002517,0.00002497,1
7548.86866000,0.00029856,0.00021306,2
7595.07418000,0.00030133,0.00025823,0
7605.23081000,0.00001649,0.00004410,12
7624.73345000,0.00006463,0.00006098,0
7640.92207000,0.00002118,0.00001374,5
7640.94591000,0.00002848,0.00001902,5
7641.42275000,0.00004185,0.00001547,11
7641.43467000,0.00004192,0.00001500,11
7645.58315000,0.00273007,0.00226679,0
7659.88827000,0.00015983,0.00012069,2
7664.71624000,0.00002529,0.00002645,1
7664.74009000,0.00002319,0.00002926,4
7665.99178000,0.00001447,0.00008767,20
7666.02755000,0.00002026,0.00007407,9
7678.74718000,0.00002060,0.00011757,14
7679.79622000,0.00003316,0.00009626,9
7679.89159000,0.00007946,0.00023120,9
7682.94334000,0.00046543,0.00032653,2
7693.09998000,0.00001347,0.00002534,10
7715.11793000,0.00008775,0.00004404,8
7715.15369000,0.00007129,0.00005907,0
7722.02015000,0.00001515,0.00002834,10
7727.56338000,0.00001334,0.00001724,4
7770.99133000,0.00012786,0.00013113,1
7812.50000000,0.00249348,0.00208874,0
7826.37596000,0.00002085,0.00002501,4
7841.18176000,0.00002484,0.00001594,5
7841.46786000,0.00003854,0.00002442,5
7849.29991000,0.00002790,0.00002502,0
7851.33839000,0.00002332,0.00001096,8
7851.61257000,0.00130233,0.00005741,3
7856.09484000,0.00060949,0.00003003,3
7861.16123000,0.00004683,0.00001928,11
7866.21571000,0.00002169,0.00001452,5
7866.22763000,0.00002275,0.00001523,5
7870.39995000,0.00006604,0.00007171,1
7870.45956000,0.00002249,0.00009862,14
7882.52354000,0.00001531,0.00001785,4
7885.53953000,0.00001802,0.00002061,4
7886.12366000,0.00002318,0.00003231,6
7886.13558000,0.00002555,0.00003308,4
7888.71050000,0.00008072,0.00007044,0
7893.44311000,0.00008430,0.00006824,0
7898.77176000,0.00002826,0.00001618,5
7898.98634000,0.00002086,0.00001460,2
7899.17707000,0.00005694,0.00003821,5
7899.27244000,0.00004052,0.00002518,5
7899.28436000,0.00004353,0.00002566,5
7899.66583000,0.00006190,0.00004762,2
7900.92945000,0.00001591,0.00007676,14
7901.02482000,0.00004788,0.00014289,9
7901.03674000,0.00004749,0.00014442,9
7901.94273000,0.00005669,0.00014866,12
7902.03810000,0.00012428,0.00036197,9
7948.81582000,0.00001636,0.00005092,9
7950.17481000,0.00003815,0.00002022,8
7950.18673000,0.00003742,0.00002203,5
7959.11551000,0.00001428,0.00004404,9
7959.12743000,0.00001398,0.00004592,9
7959.41353000,0.00055629,0.00001204,3
7963.26399000,0.00007967,0.00006666,0
7963.27591000,0.00008541,0.00007306,0
7970.67881000,0.00011605,0.00015070,4
7973.30141000,0.00004739,0.00001170,7
7979.61950000,0.00028587,0.00022931,2
7980.68047000,0.00001357,0.00001274,0
