freq,int_so2,int_water,int_deu
2124.0234,0.0000,0.0000,0.0000
3124.6662,0.0000,0.0000,0.0000
3124.7616,0.0000,0.0000,0.0000
3124.8450,0.0001,0.0001,0.0001
3125.1550,0.0001,0.0001,0.0001
3125.2384,0.0000,0.0000,0.0000
3125.2861,0.0000,0.0000,0.0000
3125.5364,0.0000,0.0000,0.0000
3241.9324,0.0001,0.0001,0.0001
3688.0136,0.0001,0.0001,0.0001
3688.0374,0.0001,0.0001,0.0001
3703.6061,0.0000,0.0000,0.0000
3730.8931,0.0000,0.0000,0.0000
4034.0781,0.0000,0.0000,0.0000
4140.8777,0.0000,0.0000,0.0000
4174.0775,0.0000,0.0000,0.0000
4233.1934,0.0006,0.0006,0.0005
4237.2227,0.0000,0.0000,0.0000
4237.2346,0.0000,0.0000,0.0000
4248.7979,0.0001,0.0001,0.0001
4375.0048,0.0001,0.0001,0.0001
4412.3650,0.0000,0.0000,0.0000
4449.3437,0.0001,0.0000,0.0000
4473.1855,0.0010,0.0010,0.0009
4928.1716,0.0001,0.0002,0.0002
5092.2275,0.0000,0.0000,0.0000
5413.0077,0.0001,0.0001,0.0001
5489.5043,0.0000,0.0000,0.0000
5581.9154,0.0001,0.0001,0.0001
5581.9273,0.0001,0.0001,0.0001
5909.8601,0.0000,0.0000,0.0000
6049.7761,0.0000,0.0000,0.0000
6090.1046,0.0002,0.0003,0.0003
6186.5211,0.0000,0.0000,0.0000
6236.2909,0.0001,0.0001,0.0000
6312.4299,0.0000,0.0000,0.0001
6351.2683,0.0000,0.0000,0.0001
6351.2802,0.0000,0.0000,0.0001
6353.9147,0.0002,0.0003,0.0003
6396.3294,0.0001,0.0001,0.0001
6396.5559,0.0001,0.0001,0.0001
6396.8062,0.0001,0.0001,0.0001
6498.1699,0.0001,0.0001,0.0001
6498.1818,0.0001,0.0001,0.0001
6521.7733,0.0002,0.0002,0.0002
6559.3719,0.0000,0.0000,0.0000
6875.4196,0.0000,0.0000,0.0000
6968.3433,0.0000,0.0000,0.0000
7036.3879,0.0000,0.0000,0.0000
7070.4579,0.0000,0.0000,0.0000
7181.0603,0.0000,0.0000,0.0000
7499.9928,0.0002,0.0002,0.0002
7812.5000,0.0027,0.0025,0.0021
2124.0354,0.0000,0.0000,0.0000
2519.6552,0.0000,0.0000,0.0000
3124.5709,0.0000,0.0000,0.0000
3125.3815,0.0000,0.0000,0.0000
3561.7113,0.0000,0.0000,0.0000
3696.1794,0.0000,0.0000,0.0000
3696.5251,0.0000,0.0000,0.0000
3702.8194,0.0000,0.0000,0.0000
5134.6541,0.0000,0.0000,0.0000
5327.4870,0.0000,0.0000,0.0000
5553.2217,0.0000,0.0000,0.0000
5846.7507,0.0000,0.0000,0.0000
6238.8897,0.0001,0.0001,0.0000
6248.9152,0.0000,0.0000,0.0000
6248.9271,0.0000,0.0000,0.0000
6498.5395,0.0001,0.0001,0.0000
6501.8416,0.0000,0.0000,0.0000
6824.5411,0.0000,0.0000,0.0000
6896.6389,0.0000,0.0000,0.0000
6906.5928,0.0000,0.0000,0.0000
7007.6823,0.0000,0.0000,0.0000
7093.8230,0.0001,0.0000,0.0000
7249.7129,0.0000,0.0000,0.0000
7476.2344,0.0000,0.0000,0.0000
7601.4876,0.0000,0.0000,0.0000
7763.8030,0.0000,0.0000,0.0000
7834.9948,0.0000,0.0000,0.0000
2172.8516,0.0000,0.0000,0.0000
2761.9958,0.0000,0.0002,0.0000
2846.0741,0.0000,0.0002,0.0000
2846.0860,0.0000,0.0002,0.0000
3006.4702,0.0000,0.0001,0.0000
3105.4616,0.0000,0.0000,0.0000
3124.4159,0.0000,0.0000,0.0000
3125.6795,0.0000,0.0000,0.0000
3151.0234,0.0001,0.0001,0.0000
3151.0592,0.0000,0.0002,0.0000
3166.8782,0.0000,0.0002,0.0000
3182.5185,0.0000,0.0005,0.0000
3190.5889,0.0001,0.0002,0.0000
3449.2493,0.0000,0.0000,0.0000
3564.6319,0.0001,0.0002,0.0000
3603.8995,0.0000,0.0001,0.0000
3610.0268,0.0000,0.0000,0.0000
3703.3677,0.0000,0.0000,0.0000
3703.5584,0.0000,0.0000,0.0000
3806.3169,0.0000,0.0000,0.0000
3806.3288,0.0000,0.0000,0.0000
3806.8891,0.0000,0.0000,0.0000
3855.5264,0.0001,0.0001,0.0000
3958.7855,0.0000,0.0000,0.0000
3971.8986,0.0000,0.0004,0.0000
4001.4625,0.0000,0.0002,0.0000
4126.5369,0.0000,0.0007,0.0000
4132.3781,0.0000,0.0001,0.0000
4248.0588,0.0000,0.0000,0.0000
4496.7532,0.0000,0.0000,0.0000
4536.5214,0.0000,0.0003,0.0000
4536.5334,0.0000,0.0003,0.0000
4611.6471,0.0000,0.0002,0.0000
4612.8869,0.0000,0.0001,0.0000
4618.7520,0.0001,0.0001,0.0000
4618.7758,0.0001,0.0001,0.0000
4706.3708,0.0000,0.0000,0.0000
4711.2226,0.0000,0.0003,0.0000
4746.1033,0.0000,0.0000,0.0000
4870.8796,0.0000,0.0001,0.0000
4909.2650,0.0000,0.0003,0.0000
4909.2770,0.0000,0.0003,0.0000
5003.4523,0.0000,0.0000,0.0000
5094.9693,0.0000,0.0001,0.0000
5096.4594,0.0000,0.0002,0.0000
5116.2958,0.0000,0.0001,0.0000
5122.4232,0.0000,0.0001,0.0000
5122.4351,0.0000,0.0001,0.0000
5124.7478,0.0000,0.0000,0.0000
5156.6005,0.0000,0.0001,0.0000
5253.2077,0.0000,0.0001,0.0000
5292.6183,0.0000,0.0001,0.0000
5321.2047,0.0000,0.0001,0.0000
5362.7253,0.0000,0.0000,0.0000
5367.4340,0.0001,0.0002,0.0000
5389.4043,0.0000,0.0003,0.0000
5422.4968,0.0000,0.0000,0.0000
5440.5928,0.0000,0.0001,0.0000
5443.0962,0.0000,0.0002,0.0000
5448.9255,0.0000,0.0001,0.0000
5475.3184,0.0000,0.0000,0.0000
5553.3409,0.0000,0.0000,0.0000
5553.4959,0.0000,0.0000,0.0000
5679.4047,0.0000,0.0001,0.0000
5727.8871,0.0000,0.0001,0.0000
5742.9195,0.0000,0.0000,0.0000
5742.9314,0.0000,0.0000,0.0000
5766.8328,0.0000,0.0000,0.0000
5783.5936,0.0000,0.0003,0.0000
5795.7888,0.0000,0.0003,0.0000
5814.0993,0.0000,0.0003,0.0000
5818.5339,0.0001,0.0003,0.0000
5826.8309,0.0000,0.0004,0.0000
5837.3094,0.0000,0.0001,0.0000
5837.3332,0.0000,0.0001,0.0000
5854.9643,0.0000,0.0000,0.0000
5860.7578,0.0000,0.0001,0.0000
5926.1441,0.0000,0.0001,0.0000
5926.1799,0.0000,0.0001,0.0000
5936.3604,0.0001,0.0002,0.0000
6080.7228,0.0000,0.0001,0.0000
6080.7347,0.0000,0.0001,0.0000
6154.0008,0.0000,0.0000,0.0000
6225.0614,0.0000,0.0000,0.0000
6225.9793,0.0000,0.0000,0.0000
6287.6582,0.0000,0.0000,0.0000
6290.3523,0.0000,0.0001,0.0000
6340.4560,0.0000,0.0000,0.0000
6370.9736,0.0001,0.0001,0.0000
6393.0154,0.0000,0.0001,0.0000
6393.0392,0.0000,0.0001,0.0000
6393.8141,0.0001,0.0002,0.0000
6410.0862,0.0000,0.0000,0.0000
6429.9226,0.0000,0.0001,0.0000
6439.3640,0.0000,0.0001,0.0000
6440.0315,0.0000,0.0000,0.0000
6498.4918,0.0000,0.0001,0.0000
6545.7940,0.0000,0.0002,0.0000
6557.2739,0.0000,0.0001,0.0000
6557.2977,0.0000,0.0001,0.0000
6564.8913,0.0000,0.0002,0.0000
6564.9271,0.0000,0.0002,0.0000
6577.7659,0.0001,0.0003,0.0000
6577.8375,0.0001,0.0014,0.0000
6588.7690,0.0001,0.0001,0.0000
6606.1020,0.0000,0.0000,0.0000
6607.9736,0.0001,0.0001,0.0000
6621.7899,0.0000,0.0001,0.0000
6704.6285,0.0001,0.0002,0.0000
6706.1186,0.0000,0.0001,0.0000
6708.1690,0.0000,0.0000,0.0000
6718.1706,0.0000,0.0000,0.0000
6719.7084,0.0000,0.0000,0.0000
6719.7561,0.0000,0.0000,0.0000
6720.1495,0.0000,0.0001,0.0000
6720.1972,0.0000,0.0002,0.0000
6720.7813,0.0001,0.0002,0.0000
6720.8290,0.0001,0.0002,0.0000
6722.7840,0.0000,0.0001,0.0000
6722.8317,0.0000,0.0001,0.0000
6726.6703,0.0000,0.0000,0.0000
6730.2585,0.0000,0.0001,0.0000
6761.1813,0.0000,0.0001,0.0000
6762.9814,0.0000,0.0000,0.0000
6765.2702,0.0001,0.0002,0.0000
6779.2892,0.0000,0.0000,0.0000
6786.7637,0.0000,0.0001,0.0000
6806.3021,0.0000,0.0000,0.0000
6860.0655,0.0001,0.0001,0.0000
6868.3267,0.0000,0.0000,0.0000
6877.0528,0.0000,0.0011,0.0000
6895.4945,0.0000,0.0002,0.0000
6896.0667,0.0000,0.0003,0.0000
6897.1515,0.0000,0.0000,0.0000
7054.8654,0.0001,0.0001,0.0000
7054.8773,0.0000,0.0001,0.0000
7134.4495,0.0000,0.0000,0.0000
7153.5468,0.0000,0.0001,0.0000
7181.2034,0.0000,0.0000,0.0000
7202.0650,0.0000,0.0000,0.0000
7204.0200,0.0000,0.0000,0.0000
7204.0319,0.0000,0.0000,0.0000
7206.2731,0.0000,0.0000,0.0000
7235.6701,0.0000,0.0001,0.0000
7249.7368,0.0000,0.0000,0.0000
7265.7227,0.0000,0.0001,0.0000
7266.6287,0.0000,0.0000,0.0000
7280.2305,0.0000,0.0001,0.0000
7282.9723,0.0000,0.0000,0.0000
7284.9631,0.0000,0.0001,0.0000
7292.0680,0.0000,0.0002,0.0000
7292.0918,0.0000,0.0002,0.0000
7319.2596,0.0000,0.0000,0.0000
7320.3206,0.0000,0.0000,0.0000
7331.2044,0.0000,0.0000,0.0000
7335.5198,0.0001,0.0001,0.0000
7350.8382,0.0000,0.0000,0.0000
7355.3681,0.0001,0.0002,0.0000
7355.3920,0.0001,0.0002,0.0000
7368.6480,0.0000,0.0001,0.0000
7391.1548,0.0000,0.0001,0.0000
7415.4854,0.0000,0.0001,0.0000
7449.6984,0.0000,0.0001,0.0000
7454.1330,0.0000,0.0002,0.0000
7489.3236,0.0000,0.0000,0.0000
7489.3475,0.0000,0.0000,0.0000
7493.6748,0.0000,0.0001,0.0000
7498.3954,0.0000,0.0001,0.0000
7511.4131,0.0000,0.0001,0.0000
7511.4250,0.0000,0.0001,0.0000
7535.4099,0.0000,0.0001,0.0000
7575.1662,0.0000,0.0000,0.0000
7579.2193,0.0000,0.0003,0.0000
7579.2313,0.0000,0.0004,0.0000
7596.1471,0.0000,0.0000,0.0000
7604.7540,0.0000,0.0001,0.0000
7640.1949,0.0000,0.0000,0.0000
7642.4599,0.0000,0.0001,0.0000
7653.3914,0.0000,0.0000,0.0000
7713.1271,0.0000,0.0003,0.0000
7719.2426,0.0000,0.0000,0.0000
7753.8371,0.0000,0.0000,0.0000
7795.3100,0.0000,0.0002,0.0000
7948.2675,0.0001,0.0002,0.0000
7948.4105,0.0000,0.0002,0.0000
7949.0542,0.0000,0.0002,0.0000
7949.1258,0.0000,0.0000,0.0000
7959.4374,0.0000,0.0005,0.0000
7972.8246,0.0000,0.0000,0.0000
2187.5024,0.0003,0.0005,0.0001
2314.4484,0.0000,0.0000,0.0000
2435.3147,0.0000,0.0000,0.0000
2812.5048,0.0007,0.0009,0.0007
2913.3201,0.0001,0.0010,0.0000
2913.3439,0.0001,0.0008,0.0000
3124.5112,0.0000,0.0000,0.0000
3124.7973,0.0000,0.0000,0.0000
3124.8808,0.0001,0.0001,0.0001
3125.0000,0.0191,0.0220,0.0179
3125.1192,0.0001,0.0001,0.0001
3125.2027,0.0000,0.0001,0.0000
3125.3338,0.0000,0.0000,0.0000
3190.5413,0.0001,0.0003,0.0000
3351.1162,0.0000,0.0000,0.0000
3646.2188,0.0000,0.0003,0.0000
3646.2307,0.0000,0.0003,0.0000
3693.3184,0.0001,0.0005,0.0000
3701.7584,0.0000,0.0003,0.0000
3750.0024,0.0000,0.0001,0.0000
3791.5707,0.0000,0.0002,0.0000
3906.7030,0.0000,0.0011,0.0000
4062.4976,0.0002,0.0002,0.0001
4126.5845,0.0000,0.0013,0.0000
4176.9385,0.0000,0.0004,0.0000
4285.0733,0.0000,0.0000,0.0000
4285.5382,0.0000,0.0004,0.0000
4397.1419,0.0000,0.0000,0.0000
4418.8499,0.0000,0.0000,0.0000
4471.1471,0.0000,0.0000,0.0000
4516.2201,0.0001,0.0004,0.0000
4516.2320,0.0001,0.0004,0.0000
4675.9248,0.0000,0.0000,0.0000
4796.7076,0.0000,0.0000,0.0000
4887.9385,0.0000,0.0001,0.0000
5088.0194,0.0001,0.0003,0.0000
5088.0313,0.0001,0.0003,0.0000
5370.8196,0.0001,0.0003,0.0000
5370.8315,0.0001,0.0003,0.0000
5378.1271,0.0001,0.0003,0.0000
5385.6969,0.0001,0.0003,0.0000
5389.3566,0.0000,0.0005,0.0000
5445.1227,0.0001,0.0002,0.0000
5581.8677,0.0001,0.0002,0.0000
5640.3041,0.0000,0.0002,0.0000
5890.5482,0.0001,0.0001,0.0001
5899.8942,0.0000,0.0001,0.0000
5899.9300,0.0000,0.0001,0.0000
5969.5721,0.0001,0.0001,0.0001
6018.4002,0.0001,0.0003,0.0000
6089.7112,0.0001,0.0001,0.0000
6104.2547,0.0000,0.0002,0.0000
6228.5781,0.0000,0.0001,0.0000
6236.2433,0.0000,0.0000,0.0000
6362.9985,0.0001,0.0001,0.0000
6364.2502,0.0000,0.0000,0.0000
6364.6674,0.0000,0.0000,0.0000
6405.3059,0.0001,0.0001,0.0000
6459.6295,0.0000,0.0001,0.0000
6517.1361,0.0000,0.0002,0.0000
6529.5219,0.0000,0.0000,0.0000
6569.6478,0.0000,0.0001,0.0000
6577.9090,0.0001,0.0003,0.0000
6720.7336,0.0001,0.0003,0.0001
6767.2372,0.0000,0.0000,0.0000
6777.2508,0.0000,0.0004,0.0000
6806.3736,0.0000,0.0001,0.0000
6806.3974,0.0000,0.0001,0.0000
6996.7747,0.0000,0.0002,0.0000
7014.8230,0.0000,0.0002,0.0000
7014.8349,0.0000,0.0002,0.0000
7018.6973,0.0000,0.0001,0.0000
7127.3446,0.0001,0.0001,0.0000
7190.0725,0.0000,0.0000,0.0000
7190.0845,0.0000,0.0000,0.0000
7205.5817,0.0000,0.0001,0.0000
7240.1166,0.0000,0.0000,0.0000
7240.1524,0.0000,0.0001,0.0000
7303.9293,0.0000,0.0001,0.0000
7313.9548,0.0000,0.0002,0.0000
7334.7449,0.0001,0.0002,0.0000
7354.7006,0.0000,0.0002,0.0000
7354.7721,0.0002,0.0043,0.0001
7391.5958,0.0000,0.0000,0.0000
7404.2440,0.0001,0.0001,0.0000
7640.9459,0.0000,0.0000,0.0000
7851.3384,0.0000,0.0000,0.0000
7959.4135,0.0000,0.0006,0.0000
2411.9139,0.0000,0.0001,0.0000
2499.9976,0.0001,0.0003,0.0003
2754.0326,0.0000,0.0008,0.0000
2935.9698,0.0000,0.0001,0.0001
2999.4130,0.0001,0.0002,0.0001
3005.0039,0.0000,0.0002,0.0001
3014.6003,0.0001,0.0004,0.0004
3066.8378,0.0000,0.0000,0.0000
3102.3383,0.0004,0.0013,0.0012
3118.9799,0.0000,0.0001,0.0001
3124.6185,0.0000,0.0000,0.0000
3124.7139,0.0000,0.0000,0.0000
3187.6564,0.0000,0.0002,0.0002
3199.5773,0.0000,0.0001,0.0001
3251.9460,0.0000,0.0000,0.0000
3262.1265,0.0000,0.0000,0.0000
3311.9798,0.0000,0.0000,0.0000
3365.4213,0.0000,0.0001,0.0004
3585.6128,0.0000,0.0017,0.0001
3614.5687,0.0000,0.0001,0.0001
3668.0698,0.0000,0.0001,0.0000
3668.0818,0.0000,0.0001,0.0000
3668.1294,0.0000,0.0003,0.0000
3703.2247,0.0000,0.0000,0.0000
3703.4631,0.0000,0.0001,0.0000
3703.4750,0.0000,0.0001,0.0000
3706.2407,0.0000,0.0001,0.0001
3712.2846,0.0001,0.0009,0.0008
3738.9040,0.0000,0.0001,0.0001
3752.9230,0.0000,0.0000,0.0000
3906.7268,0.0000,0.0014,0.0000
3938.6153,0.0004,0.0006,0.0006
3938.6272,0.0004,0.0006,0.0006
4027.1044,0.0003,0.0004,0.0003
4336.5478,0.0000,0.0001,0.0000
4351.1748,0.0000,0.0001,0.0000
4351.2225,0.0000,0.0001,0.0000
4351.2344,0.0000,0.0001,0.0000
4351.4609,0.0000,0.0000,0.0000
4412.6511,0.0001,0.0007,0.0005
4451.5014,0.0000,0.0001,0.0001
4451.6206,0.0033,0.0169,0.0144
4451.6325,0.0032,0.0169,0.0143
4475.5340,0.0003,0.0004,0.0004
4572.4392,0.0000,0.0001,0.0001
4587.4596,0.0001,0.0002,0.0002
4674.8042,0.0000,0.0003,0.0000
4692.4829,0.0000,0.0002,0.0002
4696.9414,0.0004,0.0026,0.0022
4714.0241,0.0000,0.0003,0.0001
4714.0360,0.0000,0.0003,0.0001
4716.7420,0.0000,0.0002,0.0002
4735.9943,0.0000,0.0002,0.0001
4736.0301,0.0000,0.0003,0.0002
4736.1493,0.0080,0.0443,0.0376
4736.3043,0.0000,0.0001,0.0001
4736.3520,0.0000,0.0001,0.0001
4793.1194,0.0000,0.0002,0.0002
4793.1313,0.0000,0.0002,0.0002
4796.7315,0.0000,0.0000,0.0000
4845.5238,0.0000,0.0001,0.0000
4859.9124,0.0000,0.0001,0.0001
4905.7484,0.0000,0.0001,0.0001
4911.9353,0.0000,0.0001,0.0001
4913.0678,0.0000,0.0055,0.0003
4913.0797,0.0000,0.0055,0.0003
4947.0067,0.0000,0.0000,0.0000
4971.0631,0.0000,0.0014,0.0001
4971.0751,0.0000,0.0014,0.0001
5145.0729,0.0000,0.0001,0.0000
5177.9270,0.0001,0.0003,0.0002
5276.5727,0.0001,0.0004,0.0003
5276.5846,0.0001,0.0004,0.0003
5323.8869,0.0001,0.0005,0.0004
5325.1624,0.0000,0.0000,0.0000
5363.9531,0.0000,0.0000,0.0000
5387.2585,0.0000,0.0000,0.0001
5432.1051,0.0000,0.0001,0.0001
5447.2208,0.0000,0.0000,0.0000
5447.2446,0.0000,0.0000,0.0000
5449.7123,0.0000,0.0000,0.0000
5492.4488,0.0000,0.0001,0.0001
5505.6214,0.0000,0.0000,0.0000
5508.2083,0.0000,0.0006,0.0000
5537.4026,0.0000,0.0000,0.0000
5588.6745,0.0000,0.0002,0.0002
5612.6595,0.0000,0.0000,0.0000
5618.3934,0.0000,0.0000,0.0001
5646.3361,0.0000,0.0001,0.0001
5672.6098,0.0002,0.0005,0.0005
5710.3872,0.0004,0.0020,0.0016
5711.6508,0.0000,0.0001,0.0000
5733.6569,0.0002,0.0003,0.0002
5752.6469,0.0000,0.0000,0.0000
5820.3936,0.0003,0.0012,0.0008
5837.1902,0.0001,0.0002,0.0001
5871.8920,0.0000,0.0001,0.0001
5872.9291,0.0000,0.0001,0.0000
5875.5398,0.0000,0.0001,0.0000
5893.2662,0.0000,0.0001,0.0001
5893.2781,0.0000,0.0001,0.0001
5912.9596,0.0000,0.0001,0.0001
5959.4750,0.0000,0.0002,0.0000
5969.5005,0.0000,0.0001,0.0000
5969.7390,0.0000,0.0000,0.0000
5969.8939,0.0000,0.0000,0.0000
5972.8980,0.0000,0.0001,0.0001
5979.3830,0.0001,0.0001,0.0001
5981.2665,0.0011,0.0030,0.0033
5983.7460,0.0001,0.0001,0.0001
6077.7664,0.0012,0.0022,0.0028
6095.4452,0.0000,0.0001,0.0001
6095.7193,0.0001,0.0001,0.0001
6125.3667,0.0000,0.0001,0.0002
6158.9599,0.0031,0.0044,0.0059
6198.6208,0.0000,0.0000,0.0000
6198.6327,0.0000,0.0000,0.0000
6256.6519,0.0000,0.0001,0.0000
6280.6249,0.0000,0.0000,0.0001
6280.6487,0.0000,0.0000,0.0001
6288.2543,0.0001,0.0001,0.0003
6300.2467,0.0001,0.0009,0.0001
6309.6404,0.0000,0.0001,0.0001
6344.1157,0.0008,0.0010,0.0016
6349.9570,0.0002,0.0003,0.0005
6351.1014,0.0000,0.0000,0.0000
6351.3875,0.0000,0.0000,0.0001
6354.0935,0.0002,0.0003,0.0003
6375.1578,0.0003,0.0007,0.0008
6390.5716,0.0000,0.0001,0.0001
6395.4473,0.0000,0.0001,0.0005
6395.7691,0.0001,0.0001,0.0001
6396.1029,0.0002,0.0002,0.0003
6396.1625,0.0002,0.0003,0.0003
6402.8382,0.0001,0.0004,0.0005
6405.2463,0.0000,0.0000,0.0001
6445.4198,0.0004,0.0013,0.0010
6445.7178,0.0004,0.0010,0.0008
6445.7297,0.0004,0.0010,0.0008
6458.8070,0.0000,0.0000,0.0000
6463.7065,0.0000,0.0002,0.0001
6465.5185,0.0001,0.0002,0.0002
6465.5304,0.0001,0.0002,0.0002
6470.9067,0.0000,0.0000,0.0000
6541.1448,0.0000,0.0000,0.0000
6557.9891,0.0000,0.0000,0.0000
6558.2037,0.0000,0.0001,0.0001
6565.2132,0.0001,0.0002,0.0002
6578.2428,0.0002,0.0006,0.0006
6601.5243,0.0000,0.0000,0.0000
6610.5604,0.0001,0.0002,0.0002
6626.6179,0.0000,0.0000,0.0004
6626.6298,0.0000,0.0000,0.0004
6661.0575,0.0000,0.0001,0.0001
6663.2628,0.0000,0.0001,0.0000
6677.4011,0.0000,0.0000,0.0000
6683.7668,0.0000,0.0042,0.0002
6685.3166,0.0001,0.0088,0.0004
6685.3285,0.0001,0.0092,0.0005
6691.1817,0.0002,0.0007,0.0005
6699.5859,0.0001,0.0004,0.0003
6704.5569,0.0000,0.0010,0.0000
6717.6223,0.0000,0.0000,0.0001
6717.6342,0.0000,0.0000,0.0001
6718.8144,0.0001,0.0002,0.0002
6720.4952,0.0006,0.0933,0.0047
6722.0449,0.0016,0.2354,0.0113
6737.1130,0.0002,0.0002,0.0002
6751.8949,0.0000,0.0000,0.0002
6753.4685,0.0000,0.0000,0.0000
6753.4804,0.0000,0.0000,0.0000
6753.6592,0.0000,0.0001,0.0001
6753.7189,0.0000,0.0001,0.0001
6753.7308,0.0000,0.0001,0.0001
6753.8500,0.0000,0.0001,0.0000
6753.8977,0.0000,0.0001,0.0000
6754.2672,0.0000,0.0000,0.0000
6754.3745,0.0002,0.0004,0.0003
6754.3864,0.0002,0.0004,0.0003
6754.5414,0.0001,0.0001,0.0001
6754.6725,0.0002,0.0004,0.0003
6754.6844,0.0002,0.0004,0.0003
6754.8394,0.0005,0.0010,0.0008
6754.9825,0.0001,0.0003,0.0002
6755.3997,0.0002,0.0005,0.0003
6755.6977,0.0002,0.0004,0.0003
6756.1984,0.0000,0.0001,0.0001
6756.3415,0.0000,0.0001,0.0001
6756.6156,0.0000,0.0000,0.0000
6756.9733,0.0000,0.0001,0.0001
6756.9852,0.0000,0.0001,0.0001
6757.9031,0.0008,0.0027,0.0022
6842.3510,0.0000,0.0001,0.0001
6848.2399,0.0010,0.0023,0.0019
6866.5743,0.0001,0.0001,0.0001
6866.5862,0.0000,0.0001,0.0001
6926.1670,0.0000,0.0001,0.0001
6926.1789,0.0000,0.0002,0.0001
6931.9129,0.0000,0.0000,0.0000
6938.5171,0.0000,0.0001,0.0001
6957.7575,0.0000,0.0000,0.0000
6974.3633,0.0002,0.0004,0.0004
7005.3935,0.0000,0.0001,0.0001
7018.4827,0.0000,0.0007,0.0002
7019.7821,0.0000,0.0000,0.0000
7020.3185,0.0000,0.0001,0.0001
7020.5092,0.0000,0.0001,0.0001
7032.7401,0.0001,0.0002,0.0002
7032.8236,0.0001,0.0003,0.0003
7032.9547,0.0001,0.0002,0.0002
7033.3958,0.0005,0.0012,0.0010
7033.5746,0.0003,0.0007,0.0006
7033.7415,0.0000,0.0001,0.0001
7033.8488,0.0001,0.0002,0.0002
7033.9799,0.0009,0.0017,0.0014
7034.1229,0.0006,0.0013,0.0010
7034.5163,0.0002,0.0004,0.0003
7034.7548,0.0001,0.0003,0.0003
7034.9574,0.0004,0.0009,0.0007
7035.2912,0.0003,0.0006,0.0005
7035.4700,0.0001,0.0001,0.0001
7035.5535,0.0001,0.0002,0.0002
7035.7919,0.0001,0.0002,0.0002
7036.2210,0.0001,0.0002,0.0002
7036.3045,0.0000,0.0000,0.0000
7041.1205,0.0001,0.0003,0.0003
7041.1325,0.0001,0.0003,0.0003
7047.9393,0.0000,0.0000,0.0000
7206.5711,0.0001,0.0002,0.0001
7206.7738,0.0000,0.0000,0.0000
7206.7857,0.0000,0.0000,0.0000
7206.9526,0.0000,0.0000,0.0000
7206.9883,0.0000,0.0000,0.0000
7207.5844,0.0000,0.0001,0.0001
7208.2162,0.0000,0.0001,0.0001
7209.0626,0.0000,0.0000,0.0000
7209.2414,0.0000,0.0001,0.0001
7223.4869,0.0002,0.0007,0.0005
7223.6419,0.0005,0.0014,0.0010
7223.7492,0.0005,0.0014,0.0011
7224.1545,0.0003,0.0010,0.0007
7224.1783,0.0003,0.0011,0.0008
7224.2498,0.0001,0.0002,0.0001
7224.5717,0.0004,0.0011,0.0009
7224.5836,0.0004,0.0012,0.0009
7224.7267,0.0014,0.0043,0.0033
7224.9412,0.0005,0.0014,0.0011
7225.0962,0.0005,0.0013,0.0010
7225.2631,0.0012,0.0036,0.0031
7225.7638,0.0008,0.0022,0.0017
7226.2168,0.0003,0.0009,0.0007
7226.3718,0.0007,0.0022,0.0016
7227.1228,0.0003,0.0007,0.0006
7227.2539,0.0003,0.0009,0.0006
7227.3970,0.0001,0.0004,0.0003
7248.3182,0.0001,0.0001,0.0001
7302.5942,0.0000,0.0000,0.0000
7347.6672,0.0002,0.0004,0.0003
7354.8675,0.0000,0.0560,0.0009
7354.9151,0.0001,0.0271,0.0005
7373.5476,0.0000,0.0000,0.0000
7381.6657,0.0000,0.0001,0.0001
7381.6776,0.0000,0.0001,0.0001
7394.5522,0.0000,0.0001,0.0000
7404.0770,0.0000,0.0001,0.0003
7404.1367,0.0000,0.0001,0.0002
7404.3155,0.0000,0.0000,0.0000
7409.7037,0.0000,0.0000,0.0000
7422.9717,0.0000,0.0004,0.0001
7422.9837,0.0000,0.0004,0.0001
7488.0481,0.0000,0.0000,0.0001
7488.0838,0.0000,0.0000,0.0001
7493.5913,0.0000,0.0010,0.0000
7498.4670,0.0000,0.0004,0.0000
7498.4789,0.0000,0.0004,0.0000
7543.3493,0.0000,0.0000,0.0000
7548.8687,0.0001,0.0003,0.0002
7624.7334,0.0000,0.0001,0.0001
7664.7162,0.0000,0.0000,0.0000
7664.7401,0.0000,0.0000,0.0000
7682.9433,0.0002,0.0005,0.0003
7841.4679,0.0000,0.0000,0.0000
7851.6126,0.0000,0.0013,0.0001
7870.3999,0.0000,0.0001,0.0001
7893.4431,0.0000,0.0001,0.0001
7899.1771,0.0000,0.0001,0.0000
7899.2724,0.0000,0.0000,0.0000
7899.2844,0.0000,0.0000,0.0000
7899.6658,0.0000,0.0001,0.0000
7963.2640,0.0000,0.0001,0.0001
7963.2759,0.0000,0.0001,0.0001
7979.6195,0.0001,0.0003,0.0002
