freq,int_so2,int_h2o,int_d2o
2191.2813,0.0006,0.0000,0.0000
2195.0841,0.0008,0.0000,0.0000
2409.1721,0.0008,0.0000,0.0000
2430.7251,0.0001,0.0000,0.0000
2515.1968,0.0000,0.0000,0.0000
2623.2481,0.0007,0.0000,0.0000
2649.3788,0.0001,0.0001,0.0000
2732.8610,0.0014,0.0000,0.0000
2830.5888,0.0002,0.0001,0.0001
2841.4846,0.0002,0.0002,0.0002
2889.4782,0.0006,0.0004,0.0003
2892.1604,0.0000,0.0000,0.0000
2893.3644,0.0021,0.0001,0.0001
2893.7578,0.0021,0.0001,0.0001
2894.8069,0.0000,0.0000,0.0000
2919.4951,0.0001,0.0000,0.0001
3013.5155,0.0000,0.0000,0.0000
3013.5274,0.0000,0.0000,0.0000
3048.9445,0.0007,0.0006,0.0006
3057.9925,0.0000,0.0000,0.0000
3058.9104,0.0004,0.0003,0.0003
3066.7067,0.0000,0.0000,0.0000
3066.7305,0.0000,0.0000,0.0000
3068.2087,0.0012,0.0000,0.0000
3087.3179,0.0016,0.0000,0.0000
3088.7604,0.0002,0.0000,0.0000
3089.4279,0.0003,0.0000,0.0000
3104.2576,0.0014,0.0006,0.0006
3108.9544,0.0001,0.0000,0.0000
3125.5841,0.0000,0.0000,0.0000
3155.4580,0.0006,0.0000,0.0000
3218.2217,0.0000,0.0000,0.0000
3218.2336,0.0000,0.0000,0.0000
3227.2339,0.0000,0.0000,0.0000
3231.2632,0.0004,0.0000,0.0000
3231.2751,0.0004,0.0000,0.0000
3232.4076,0.0004,0.0000,0.0001
3318.8582,0.0002,0.0000,0.0000
3319.4423,0.0002,0.0000,0.0000
3319.6926,0.0000,0.0000,0.0000
3325.4743,0.0012,0.0000,0.0000
3334.7011,0.0002,0.0000,0.0000
3338.0151,0.0001,0.0000,0.0000
3338.0270,0.0001,0.0000,0.0000
3347.7545,0.0001,0.0000,0.0000
3356.3614,0.0000,0.0000,0.0000
3376.7700,0.0004,0.0003,0.0002
3404.8557,0.0011,0.0006,0.0006
3437.4952,0.0004,0.0002,0.0002
3542.3040,0.0030,0.0001,0.0001
3564.6915,0.0002,0.0000,0.0000
3566.7300,0.0001,0.0001,0.0000
3574.2879,0.0001,0.0000,0.0000
3593.9336,0.0020,0.0000,0.0001
3594.0170,0.0019,0.0000,0.0001
3594.0289,0.0018,0.0000,0.0001
3594.1124,0.0000,0.0000,0.0000
3603.1246,0.0013,0.0007,0.0007
3606.0929,0.0001,0.0001,0.0000
3614.6879,0.0026,0.0001,0.0001
3620.6484,0.0004,0.0001,0.0001
3631.6514,0.0001,0.0000,0.0000
3639.9722,0.0000,0.0000,0.0000
3640.8186,0.0000,0.0000,0.0000
3644.5141,0.0001,0.0000,0.0000
3644.5260,0.0001,0.0000,0.0000
3646.3618,0.0021,0.0016,0.0015
3659.3556,0.0000,0.0000,0.0000
3659.3914,0.0001,0.0000,0.0000
3659.4272,0.0001,0.0000,0.0000
3659.5464,0.0184,0.0085,0.0081
3659.6775,0.0001,0.0000,0.0001
3659.7490,0.0000,0.0000,0.0000
3659.8444,0.0000,0.0000,0.0000
3664.2909,0.0010,0.0004,0.0004
3670.8117,0.0000,0.0000,0.0000
3672.1230,0.0000,0.0000,0.0000
3672.1349,0.0000,0.0000,0.0000
3672.3375,0.0000,0.0000,0.0000
3674.7694,0.0002,0.0000,0.0000
3674.7932,0.0001,0.0000,0.0000
3675.0436,0.0002,0.0001,0.0001
3676.9509,0.0001,0.0000,0.0000
3683.2809,0.0000,0.0000,0.0000
3683.9366,0.0001,0.0000,0.0000
3684.8664,0.0000,0.0000,0.0000
3684.8783,0.0000,0.0000,0.0000
3685.4267,0.0002,0.0002,0.0002
3685.9274,0.0001,0.0001,0.0000
3689.3129,0.0014,0.0007,0.0006
3699.0166,0.0001,0.0000,0.0000
3703.4154,0.0000,0.0000,0.0000
3703.6657,0.0000,0.0000,0.0000
3703.7611,0.0001,0.0000,0.0000
3703.8088,0.0000,0.0000,0.0000
3703.8565,0.0001,0.0000,0.0000
3703.9041,0.0001,0.0000,0.0000
3703.9518,0.0001,0.0000,0.0000
3703.9876,0.0001,0.0000,0.0000
3704.0710,0.0004,0.0001,0.0001
3704.1903,0.0564,0.0283,0.0263
3704.3214,0.0003,0.0002,0.0002
3704.3571,0.0002,0.0001,0.0001
3704.3929,0.0001,0.0000,0.0000
3704.4406,0.0001,0.0000,0.0000
3704.4883,0.0001,0.0000,0.0000
3704.5360,0.0001,0.0000,0.0000
3704.5836,0.0001,0.0000,0.0000
3704.6313,0.0000,0.0000,0.0000
3704.6790,0.0001,0.0000,0.0000
3704.7744,0.0000,0.0000,0.0000
3704.7863,0.0000,0.0000,0.0000
3704.8340,0.0001,0.0000,0.0000
3705.2751,0.0000,0.0000,0.0000
3705.5254,0.0000,0.0000,0.0000
3706.6340,0.0001,0.0000,0.0000
3707.6473,0.0004,0.0001,0.0001
3719.0199,0.0000,0.0000,0.0000
3719.0318,0.0000,0.0000,0.0000
3726.0413,0.0001,0.0000,0.0000
3729.9991,0.0002,0.0000,0.0000
3735.4946,0.0003,0.0001,0.0001
3748.5719,0.0002,0.0000,0.0000
3748.6911,0.0263,0.0076,0.0072
3748.8222,0.0002,0.0000,0.0000
3748.8580,0.0000,0.0000,0.0000
3748.9414,0.0000,0.0000,0.0000
3769.4812,0.0002,0.0000,0.0000
3776.3834,0.0027,0.0001,0.0001
3779.1729,0.0025,0.0001,0.0001
3783.4167,0.0001,0.0000,0.0001
3783.4287,0.0001,0.0000,0.0001
3787.8156,0.0001,0.0001,0.0001
3787.8275,0.0001,0.0001,0.0001
3808.2480,0.0002,0.0000,0.0000
3813.8032,0.0001,0.0000,0.0000
3815.0072,0.0003,0.0000,0.0000
3815.0430,0.0002,0.0000,0.0000
3820.7412,0.0000,0.0000,0.0000
3826.5586,0.0002,0.0000,0.0000
3842.8664,0.0003,0.0002,0.0002
3842.8783,0.0003,0.0002,0.0002
3855.4549,0.0002,0.0000,0.0000
3872.4303,0.0002,0.0000,0.0000
3934.7887,0.0013,0.0000,0.0000
3949.9283,0.0004,0.0000,0.0000
3990.9005,0.0014,0.0000,0.0000
4006.7315,0.0001,0.0000,0.0000
4006.7792,0.0001,0.0001,0.0001
4032.5880,0.0000,0.0000,0.0000
4034.0662,0.0000,0.0000,0.0000
4048.6097,0.0001,0.0000,0.0000
4075.6583,0.0001,0.0001,0.0001
4193.1391,0.0002,0.0000,0.0000
4251.3251,0.0011,0.0000,0.0000
4277.6823,0.0000,0.0000,0.0000
4281.0798,0.0001,0.0001,0.0001
4282.9633,0.0001,0.0000,0.0001
4282.9752,0.0001,0.0000,0.0001
4294.3954,0.0045,0.0002,0.0002
4308.8079,0.0001,0.0001,0.0001
4309.1655,0.0012,0.0009,0.0009
4309.1774,0.0012,0.0010,0.0009
4326.5939,0.0002,0.0001,0.0001
4370.8682,0.0000,0.0000,0.0000
4370.8801,0.0000,0.0000,0.0000
4403.0786,0.0000,0.0000,0.0000
4420.8407,0.0001,0.0000,0.0000
4420.8765,0.0001,0.0000,0.0000
4440.4626,0.0000,0.0000,0.0000
4442.9183,0.0000,0.0000,0.0000
4444.3130,0.0000,0.0000,0.0000
4444.3369,0.0000,0.0000,0.0000
4460.8235,0.0027,0.0001,0.0001
4467.9761,0.0000,0.0000,0.0000
4477.8228,0.0018,0.0001,0.0001
4477.8347,0.0018,0.0001,0.0001
4478.1327,0.0019,0.0001,0.0001
4483.1634,0.0000,0.0000,0.0000
4493.0577,0.0002,0.0001,0.0001
4502.2130,0.0000,0.0000,0.0000
4503.5362,0.0026,0.0001,0.0001
4504.2038,0.0000,0.0000,0.0000
4515.3618,0.0000,0.0000,0.0000
4521.7037,0.0001,0.0000,0.0000
4522.0375,0.0000,0.0000,0.0000
4528.9040,0.0000,0.0000,0.0000
4556.0837,0.0023,0.0014,0.0013
4573.4525,0.0016,0.0000,0.0000
4576.4446,0.0001,0.0000,0.0000
4578.6738,0.0001,0.0000,0.0000
4612.9465,0.0001,0.0000,0.0000
4618.9904,0.0002,0.0000,0.0000
4635.8108,0.0003,0.0002,0.0002
4646.1582,0.0001,0.0000,0.0000
4653.0604,0.0004,0.0001,0.0001
4653.0843,0.0005,0.0001,0.0001
4653.7399,0.0005,0.0001,0.0001
4657.3877,0.0011,0.0000,0.0000
4662.9787,0.0002,0.0002,0.0002
4668.4742,0.0009,0.0000,0.0000
4668.4861,0.0009,0.0000,0.0000
4683.4230,0.0000,0.0000,0.0000
4687.5000,0.0012,0.0007,0.0003
4704.0582,0.0003,0.0001,0.0001
4704.4635,0.0003,0.0001,0.0001
4704.4754,0.0003,0.0001,0.0001
4713.9168,0.0001,0.0000,0.0000
4719.9726,0.0005,0.0004,0.0004
4719.9845,0.0005,0.0004,0.0004
4730.3915,0.0000,0.0000,0.0000
4783.8569,0.0007,0.0000,0.0000
4800.0813,0.0001,0.0000,0.0000
4805.7556,0.0002,0.0001,0.0001
4806.2682,0.0003,0.0000,0.0000
4806.2801,0.0002,0.0000,0.0000
4807.1861,0.0002,0.0000,0.0000
4837.6203,0.0000,0.0000,0.0000
4837.6322,0.0000,0.0000,0.0000
4853.5109,0.0002,0.0001,0.0002
4853.5705,0.0004,0.0003,0.0001
4853.6062,0.0003,0.0002,0.0001
4858.7322,0.0001,0.0001,0.0001
4862.6423,0.0001,0.0001,0.0001
4873.7168,0.0000,0.0000,0.0000
4884.7556,0.0009,0.0005,0.0006
4884.8033,0.0006,0.0004,0.0008
4906.9881,0.0004,0.0001,0.0001
4907.9537,0.0004,0.0001,0.0001
4908.5617,0.0007,0.0000,0.0000
4923.6298,0.0001,0.0000,0.0000
4958.3197,0.0000,0.0000,0.0000
4958.3316,0.0000,0.0000,0.0000
4984.5457,0.0004,0.0002,0.0002
4993.6414,0.0006,0.0001,0.0001
4994.1301,0.0007,0.0001,0.0001
4994.8096,0.0039,0.0001,0.0001
4998.9462,0.0001,0.0000,0.0000
4999.9952,0.0002,0.0001,0.0001
5030.0479,0.0007,0.0005,0.0004
5053.8898,0.0002,0.0000,0.0005
5068.5883,0.0000,0.0000,0.0000
5077.6601,0.0034,0.0009,0.0008
5092.2155,0.0000,0.0000,0.0000
5092.4540,0.0001,0.0000,0.0000
5129.0870,0.0001,0.0000,0.0000
5130.3625,0.0002,0.0000,0.0000
5145.0133,0.0001,0.0000,0.0000
5147.6121,0.0000,0.0000,0.0000
5154.4190,0.0000,0.0000,0.0000
5154.4309,0.0000,0.0000,0.0000
5156.6362,0.0000,0.0000,0.0000
5170.6672,0.0003,0.0000,0.0000
5170.6791,0.0003,0.0000,0.0000
5177.8436,0.0010,0.0001,0.0000
5178.2608,0.0011,0.0000,0.0000
5178.2846,0.0009,0.0000,0.0000
5178.3562,0.0010,0.0000,0.0000
5184.1259,0.0017,0.0000,0.0000
5191.7911,0.0000,0.0000,0.0000
5216.0740,0.0001,0.0000,0.0000
5216.0859,0.0001,0.0000,0.0000
5249.6791,0.0018,0.0000,0.0000
5258.6436,0.0000,0.0000,0.0000
5312.5024,0.0006,0.0003,0.0005
5316.4005,0.0003,0.0002,0.0002
5318.4152,0.0001,0.0000,0.0000
5318.4271,0.0001,0.0000,0.0000
5318.5463,0.0001,0.0000,0.0000
5345.7379,0.0001,0.0000,0.0000
5350.3871,0.0002,0.0000,0.0000
5358.0642,0.0001,0.0000,0.0000
5361.6643,0.0035,0.0000,0.0000
5363.2140,0.0034,0.0000,0.0000
5363.2259,0.0033,0.0000,0.0000
5364.2631,0.0001,0.0000,0.0000
5364.2869,0.0000,0.0000,0.0000
5365.6101,0.0000,0.0000,0.0000
5367.4936,0.0002,0.0001,0.0000
5375.8502,0.0052,0.0001,0.0001
5379.7603,0.0004,0.0001,0.0001
5382.9670,0.0001,0.0000,0.0000
5383.0385,0.0000,0.0000,0.0000
5398.7026,0.0000,0.0000,0.0000
5398.8576,0.0056,0.0001,0.0001
5398.9172,0.0025,0.0001,0.0000
5404.4128,0.0043,0.0010,0.0010
5406.6539,0.0000,0.0000,0.0000
5408.6447,0.0003,0.0001,0.0001
5411.6368,0.0001,0.0000,0.0000
5421.0305,0.0001,0.0001,0.0000
5425.7512,0.0019,0.0000,0.0000
5430.3885,0.0001,0.0000,0.0000
5430.6984,0.0016,0.0002,0.0002
5434.1793,0.0000,0.0000,0.0000
5445.6353,0.0001,0.0000,0.0000
5445.8618,0.0000,0.0000,0.0000
5446.2910,0.0002,0.0000,0.0001
5458.5695,0.0000,0.0000,0.0000
5458.5814,0.0000,0.0000,0.0000
5459.5113,0.0001,0.0000,0.0000
5459.5351,0.0001,0.0000,0.0000
5466.5208,0.0002,0.0001,0.0001
5466.5327,0.0002,0.0001,0.0001
5468.7262,0.0000,0.0000,0.0000
5468.8454,0.0041,0.0029,0.0028
5471.8018,0.0001,0.0000,0.0000
5474.8416,0.0000,0.0000,0.0000
5475.1992,0.0000,0.0000,0.0000
5475.3423,0.0000,0.0000,0.0000
5475.6999,0.0000,0.0000,0.0000
5483.3174,0.0000,0.0000,0.0000
5483.3293,0.0000,0.0000,0.0000
5483.4247,0.0001,0.0001,0.0001
5487.8473,0.0000,0.0000,0.0000
5488.3838,0.0000,0.0000,0.0000
5488.5745,0.0001,0.0000,0.0000
5488.6222,0.0001,0.0000,0.0000
5488.6699,0.0001,0.0000,0.0000
5488.7176,0.0002,0.0001,0.0001
5488.7533,0.0003,0.0001,0.0001
5488.8725,0.0486,0.0160,0.0155
5489.0275,0.0001,0.0000,0.0000
5489.1110,0.0001,0.0000,0.0000
5489.1586,0.0001,0.0000,0.0000
5489.2540,0.0001,0.0000,0.0000
5489.3494,0.0000,0.0000,0.0000
5489.5520,0.0000,0.0000,0.0000
5495.7271,0.0024,0.0008,0.0008
5498.4569,0.0001,0.0000,0.0000
5500.5789,0.0002,0.0001,0.0000
5508.8878,0.0001,0.0000,0.0000
5509.0308,0.0001,0.0000,0.0000
5509.4361,0.0000,0.0000,0.0000
5510.9501,0.0001,0.0000,0.0001
5511.6296,0.0005,0.0002,0.0002
5512.8694,0.0001,0.0000,0.0000
5512.8813,0.0001,0.0000,0.0000
5521.3809,0.0001,0.0000,0.0000
5521.6908,0.0001,0.0000,0.0000
5525.2075,0.0002,0.0001,0.0001
5527.4725,0.0004,0.0002,0.0002
5527.4844,0.0004,0.0002,0.0002
5531.7521,0.0000,0.0000,0.0000
5531.7760,0.0000,0.0000,0.0000
5533.5164,0.0012,0.0000,0.0000
5533.5283,0.0012,0.0000,0.0000
5533.7071,0.0019,0.0007,0.0007
5535.4238,0.0001,0.0000,0.0000
5547.0586,0.0000,0.0000,0.0000
5548.0242,0.0000,0.0000,0.0000
5548.0599,0.0001,0.0000,0.0000
5553.2813,0.0001,0.0000,0.0000
5554.0442,0.0000,0.0000,0.0000
5554.2231,0.0058,0.0002,0.0002
5554.2350,0.0057,0.0002,0.0002
5554.5926,0.0000,0.0000,0.0000
5554.7953,0.0000,0.0000,0.0000
5554.8430,0.0000,0.0000,0.0000
5554.9860,0.0001,0.0000,0.0000
5555.0814,0.0001,0.0000,0.0000
5555.1410,0.0001,0.0000,0.0000
5555.1887,0.0001,0.0000,0.0000
5555.2483,0.0001,0.0000,0.0000
5555.3556,0.0066,0.0002,0.0002
5555.4271,0.0014,0.0001,0.0001
5555.5224,0.0002,0.0001,0.0001
5555.5582,0.0004,0.0001,0.0001
5555.7251,0.1108,0.0428,0.0404
5555.8801,0.0004,0.0001,0.0001
5555.9635,0.0002,0.0001,0.0001
5555.9754,0.0002,0.0001,0.0001
5556.0589,0.0002,0.0000,0.0001
5556.1066,0.0001,0.0000,0.0000
5556.1542,0.0001,0.0000,0.0000
5556.2019,0.0001,0.0000,0.0000
5556.2496,0.0001,0.0000,0.0000
5556.3092,0.0001,0.0000,0.0000
5556.3569,0.0001,0.0000,0.0000
5556.4046,0.0001,0.0000,0.0000
5556.4523,0.0001,0.0000,0.0000
5556.5000,0.0001,0.0000,0.0000
5556.6549,0.0001,0.0000,0.0000
5556.7503,0.0001,0.0000,0.0000
5557.5490,0.0000,0.0000,0.0000
5561.2087,0.0013,0.0002,0.0002
5565.8698,0.0020,0.0000,0.0000
5574.1668,0.0000,0.0000,0.0000
5574.1787,0.0000,0.0000,0.0000
5577.0397,0.0001,0.0000,0.0000
5577.4808,0.0001,0.0000,0.0000
5577.7073,0.0002,0.0001,0.0000
5578.1007,0.0001,0.0000,0.0000
5579.7458,0.0001,0.0000,0.0000
5588.8057,0.0002,0.0001,0.0001
5591.2733,0.0001,0.0000,0.0000
5591.2852,0.0001,0.0000,0.0000
5592.7992,0.0000,0.0000,0.0000
5597.6868,0.0011,0.0006,0.0006
5601.9068,0.0000,0.0000,0.0000
5618.3696,0.0000,0.0000,0.0001
5619.4425,0.0001,0.0000,0.0000
5622.6492,0.0001,0.0000,0.0000
5622.7326,0.0001,0.0000,0.0000
5622.8161,0.0003,0.0001,0.0001
5622.9353,0.0443,0.0136,0.0135
5623.0903,0.0001,0.0000,0.0000
5623.1856,0.0001,0.0000,0.0000
5623.2333,0.0001,0.0000,0.0000
5624.9857,0.0001,0.0000,0.0000
5626.6785,0.0002,0.0001,0.0001
5634.7370,0.0000,0.0000,0.0000
5636.6444,0.0001,0.0000,0.0000
5652.5827,0.0004,0.0001,0.0001
5664.9566,0.0002,0.0000,0.0000
5664.9923,0.0003,0.0000,0.0000
5670.8098,0.0000,0.0000,0.0000
5695.2119,0.0075,0.0001,0.0001
5704.6890,0.0033,0.0011,0.0011
5722.1174,0.0001,0.0001,0.0004
5722.1293,0.0001,0.0001,0.0004
5727.8275,0.0001,0.0000,0.0000
5739.4028,0.0000,0.0000,0.0000
5752.7065,0.0000,0.0000,0.0000
5780.0770,0.0001,0.0001,0.0001
5788.1117,0.0001,0.0000,0.0000
5793.8099,0.0002,0.0000,0.0000
5795.0139,0.0015,0.0009,0.0008
5795.0258,0.0015,0.0010,0.0008
5826.9143,0.0003,0.0001,0.0001
5826.9262,0.0003,0.0001,0.0001
5831.8734,0.0000,0.0000,0.0000
5834.9609,0.0001,0.0000,0.0000
5839.8485,0.0014,0.0000,0.0000
5844.7838,0.0002,0.0001,0.0001
5877.6498,0.0001,0.0000,0.0000
5878.6631,0.0065,0.0001,0.0000
5900.4784,0.0000,0.0000,0.0000
5920.8870,0.0034,0.0012,0.0011
5934.3815,0.0000,0.0000,0.0000
5948.7224,0.0001,0.0000,0.0000
5948.7343,0.0001,0.0000,0.0000
5969.1906,0.0000,0.0000,0.0000
5970.0847,0.0001,0.0000,0.0000
5998.6353,0.0012,0.0006,0.0006
6012.6781,0.0003,0.0000,0.0001
6018.3287,0.0003,0.0001,0.0001
6018.4598,0.0002,0.0001,0.0000
6018.6624,0.0002,0.0000,0.0000
6018.7101,0.0001,0.0001,0.0000
6020.3075,0.0002,0.0000,0.0000
6020.3552,0.0001,0.0000,0.0000
6021.7023,0.0002,0.0001,0.0001
6022.0957,0.0009,0.0003,0.0004
6030.1542,0.0003,0.0000,0.0000
6030.1781,0.0003,0.0000,0.0001
6037.1041,0.0003,0.0000,0.0001
6040.9188,0.0006,0.0000,0.0001
6049.7522,0.0000,0.0000,0.0000
6061.2202,0.0001,0.0000,0.0000
6061.2321,0.0001,0.0000,0.0000
6062.3765,0.0028,0.0000,0.0000
6088.8529,0.0001,0.0000,0.0000
6090.2357,0.0000,0.0000,0.0000
6101.4652,0.0008,0.0001,0.0002
6108.6893,0.0000,0.0000,0.0000
6109.7622,0.0002,0.0001,0.0001
6119.5970,0.0020,0.0000,0.0000
6121.8977,0.0001,0.0001,0.0000
6124.2461,0.0006,0.0001,0.0001
6124.6633,0.0001,0.0000,0.0000
6133.4729,0.0002,0.0000,0.0000
6158.8407,0.0001,0.0000,0.0000
6159.1268,0.0000,0.0000,0.0000
6163.4302,0.0001,0.0000,0.0000
6176.1379,0.0014,0.0004,0.0007
6177.7473,0.0010,0.0002,0.0003
6205.8091,0.0000,0.0000,0.0000
6213.6412,0.0001,0.0001,0.0001
6215.5485,0.0012,0.0000,0.0001
6215.7631,0.0011,0.0000,0.0001
6227.6959,0.0000,0.0000,0.0000
6246.8290,0.0014,0.0000,0.0001
6247.4728,0.0012,0.0000,0.0001
6249.8808,0.0001,0.0000,0.0001
6250.0000,0.0091,0.0054,0.0137
6250.1192,0.0001,0.0000,0.0001
6250.1550,0.0000,0.0000,0.0000
6250.2027,0.0000,0.0000,0.0000
6250.6795,0.0009,0.0000,0.0000
6251.7047,0.0002,0.0000,0.0000
6259.5367,0.0024,0.0002,0.0006
6283.4740,0.0000,0.0000,0.0001
6283.5932,0.0001,0.0000,0.0001
6283.7005,0.0000,0.0000,0.0000
6287.1218,0.0051,0.0000,0.0000
6287.1456,0.0047,0.0000,0.0000
6298.7447,0.0055,0.0000,0.0000
6300.7593,0.0005,0.0000,0.0001
6307.1847,0.0004,0.0000,0.0000
6314.7306,0.0001,0.0000,0.0000
6316.5188,0.0004,0.0001,0.0004
6316.5307,0.0004,0.0002,0.0004
6321.6209,0.0000,0.0000,0.0000
6321.6448,0.0000,0.0000,0.0000
6336.1049,0.0005,0.0001,0.0001
6337.4281,0.0011,0.0000,0.0001
6338.5010,0.0012,0.0000,0.0000
6349.7305,0.0000,0.0000,0.0000
6351.1610,0.0000,0.0000,0.0001
6362.3309,0.0011,0.0000,0.0001
6363.4276,0.0009,0.0000,0.0001
6364.1667,0.0003,0.0000,0.0000
6365.5972,0.0009,0.0001,0.0001
6370.8067,0.0000,0.0000,0.0000
6392.4670,0.0007,0.0001,0.0001
6395.6022,0.0059,0.0000,0.0001
6396.2698,0.0002,0.0000,0.0000
6396.3175,0.0001,0.0001,0.0001
6406.5218,0.0000,0.0000,0.0000
6410.0385,0.0001,0.0000,0.0000
6427.5861,0.0001,0.0000,0.0000
6429.0166,0.0015,0.0001,0.0001
6429.0285,0.0014,0.0001,0.0001
6429.4577,0.0017,0.0000,0.0004
6429.5173,0.0005,0.0000,0.0010
6439.9600,0.0000,0.0000,0.0000
6444.7522,0.0005,0.0000,0.0000
6446.3377,0.0001,0.0000,0.0000
6455.7910,0.0001,0.0000,0.0000
6456.5182,0.0001,0.0001,0.0001
6458.1275,0.0000,0.0000,0.0000
6459.5818,0.0001,0.0000,0.0000
6467.1993,0.0000,0.0000,0.0000
6473.2790,0.0006,0.0000,0.0000
6476.1996,0.0018,0.0000,0.0000
6476.2354,0.0024,0.0000,0.0000
6480.4554,0.0001,0.0000,0.0000
6493.4492,0.0000,0.0000,0.0000
6514.0724,0.0002,0.0000,0.0000
6514.0843,0.0002,0.0000,0.0000
6527.7338,0.0002,0.0001,0.0001
6540.3581,0.0000,0.0000,0.0000
6558.8713,0.0002,0.0002,0.0001
6558.8832,0.0002,0.0002,0.0001
6561.1482,0.0002,0.0001,0.0001
6562.5072,0.0001,0.0001,0.0001
6564.4503,0.0000,0.0000,0.0002
6565.8927,0.0003,0.0002,0.0002
6577.9328,0.0001,0.0001,0.0000
6579.0296,0.0065,0.0000,0.0001
6585.2284,0.0001,0.0000,0.0000
6598.0554,0.0001,0.0000,0.0000
6600.2250,0.0014,0.0006,0.0004
6600.2369,0.0013,0.0006,0.0004
6601.7509,0.0003,0.0001,0.0001
6610.1790,0.0001,0.0000,0.0000
6620.6574,0.0014,0.0001,0.0001
6621.3608,0.0012,0.0001,0.0001
6627.0828,0.0001,0.0000,0.0000
6628.2749,0.0002,0.0001,0.0001
6628.2868,0.0002,0.0001,0.0001
6632.4711,0.0028,0.0005,0.0005
6632.4830,0.0028,0.0005,0.0006
6632.7095,0.0019,0.0006,0.0006
6642.9257,0.0004,0.0001,0.0001
6645.6556,0.0001,0.0000,0.0000
6646.1682,0.0001,0.0000,0.0000
6654.3698,0.0001,0.0000,0.0000
6654.3817,0.0001,0.0000,0.0000
6663.0006,0.0001,0.0000,0.0000
6677.3653,0.0000,0.0000,0.0000
6681.3350,0.0011,0.0001,0.0000
6681.6926,0.0011,0.0001,0.0001
6687.1047,0.0001,0.0000,0.0000
6702.3277,0.0001,0.0000,0.0000
6708.4193,0.0040,0.0010,0.0010
6717.7176,0.0003,0.0000,0.0000
6717.8726,0.0001,0.0000,0.0000
6720.6860,0.0002,0.0001,0.0001
6725.6689,0.0000,0.0000,0.0000
6725.6928,0.0000,0.0000,0.0000
6734.1328,0.0000,0.0000,0.0000
6756.5560,0.0000,0.0000,0.0000
6759.6316,0.0001,0.0000,0.0000
6760.8952,0.0001,0.0000,0.0000
6762.6834,0.0025,0.0000,0.0000
6769.1088,0.0002,0.0001,0.0000
6774.4732,0.0001,0.0000,0.0000
6774.4851,0.0001,0.0000,0.0000
6781.0535,0.0001,0.0000,0.0000
6781.0774,0.0001,0.0000,0.0000
6782.2218,0.0015,0.0000,0.0000
6782.2337,0.0014,0.0000,0.0000
6812.4414,0.0000,0.0000,0.0000
6816.3633,0.0003,0.0001,0.0001
6816.3753,0.0003,0.0001,0.0001
6829.1902,0.0001,0.0000,0.0000
6837.3918,0.0004,0.0001,0.0001
6841.9099,0.0001,0.0000,0.0000
6841.9337,0.0001,0.0000,0.0000
6844.3537,0.0001,0.0000,0.0000
6848.4306,0.0003,0.0001,0.0001
6860.1251,0.0002,0.0000,0.0000
6869.2803,0.0006,0.0001,0.0001
6889.0929,0.0000,0.0000,0.0000
6889.2837,0.0001,0.0001,0.0001
6894.5885,0.0001,0.0000,0.0000
6895.3037,0.0002,0.0001,0.0001
6895.9951,0.0001,0.0001,0.0000
6906.2591,0.0001,0.0000,0.0000
6906.7478,0.0060,0.0023,0.0021
6910.8129,0.0003,0.0001,0.0001
6910.8367,0.0003,0.0001,0.0001
6916.1654,0.0006,0.0002,0.0002
6916.1773,0.0006,0.0002,0.0002
6925.4756,0.0001,0.0000,0.0000
6931.0904,0.0000,0.0000,0.0000
6931.1738,0.0001,0.0000,0.0000
6931.1857,0.0000,0.0000,0.0000
6931.3288,0.0169,0.0086,0.0083
6931.4838,0.0001,0.0000,0.0000
6936.1210,0.0021,0.0004,0.0004
6936.1329,0.0021,0.0004,0.0004
6944.2749,0.0001,0.0000,0.0000
6944.2868,0.0001,0.0000,0.0000
6944.7160,0.0001,0.0000,0.0000
6946.7425,0.0021,0.0000,0.0000
6957.5667,0.0001,0.0000,0.0000
6957.5787,0.0001,0.0000,0.0000
6972.9686,0.0001,0.0001,0.0000
6973.2904,0.0000,0.0000,0.0000
6978.7860,0.0001,0.0000,0.0000
6981.5159,0.0002,0.0000,0.0000
6981.5278,0.0002,0.0000,0.0000
7012.1169,0.0000,0.0000,0.0000
7012.1527,0.0000,0.0000,0.0000
7032.5255,0.0002,0.0001,0.0001
7052.6481,0.0009,0.0000,0.0000
7064.9505,0.0011,0.0003,0.0003
7076.0608,0.0018,0.0003,0.0003
7091.0811,0.0000,0.0000,0.0000
7092.9766,0.0000,0.0000,0.0000
7095.9687,0.0042,0.0000,0.0000
7095.9806,0.0042,0.0000,0.0000
7107.9254,0.0001,0.0000,0.0000
7118.2251,0.0001,0.0000,0.0000
7122.7908,0.0001,0.0000,0.0000
7127.3208,0.0001,0.0001,0.0000
7129.9434,0.0001,0.0000,0.0000
7131.9819,0.0000,0.0000,0.0000
7138.9198,0.0002,0.0000,0.0000
7138.9317,0.0002,0.0000,0.0000
7142.7822,0.0001,0.0001,0.0000
7152.9985,0.0002,0.0000,0.0000
7157.2542,0.0001,0.0000,0.0000
7157.2781,0.0001,0.0000,0.0000
7162.9167,0.0001,0.0000,0.0000
7162.9405,0.0001,0.0000,0.0000
7164.4068,0.0002,0.0000,0.0000
7164.4306,0.0001,0.0000,0.0000
7169.6281,0.0001,0.0000,0.0000
7170.6176,0.0002,0.0000,0.0000
7170.6653,0.0001,0.0001,0.0000
7187.4976,0.0005,0.0004,0.0004
7195.7469,0.0046,0.0000,0.0000
7201.3497,0.0047,0.0000,0.0000
7202.1127,0.0000,0.0000,0.0000
7205.3909,0.0060,0.0008,0.0008
7206.3327,0.0001,0.0000,0.0000
7207.1195,0.0013,0.0001,0.0001
7207.1672,0.0007,0.0001,0.0001
7210.1116,0.0004,0.0001,0.0001
7213.5925,0.0001,0.0000,0.0000
7214.9277,0.0002,0.0000,0.0000
7219.1238,0.0003,0.0001,0.0000
7223.8565,0.0001,0.0000,0.0000
7228.3506,0.0062,0.0010,0.0010
7234.1681,0.0001,0.0000,0.0000
7237.4582,0.0001,0.0000,0.0000
7237.5059,0.0002,0.0000,0.0000
7240.4265,0.0024,0.0002,0.0002
7240.8557,0.0000,0.0000,0.0000
7249.8083,0.0000,0.0000,0.0000
7250.7977,0.0001,0.0000,0.0000
7259.1662,0.0000,0.0000,0.0000
7259.1782,0.0000,0.0000,0.0000
7260.3702,0.0002,0.0000,0.0000
7260.6921,0.0003,0.0000,0.0000
7260.9901,0.0004,0.0000,0.0000
7264.3638,0.0007,0.0001,0.0001
7264.3757,0.0007,0.0001,0.0001
7266.5691,0.0001,0.0000,0.0000
7268.4407,0.0023,0.0010,0.0010
7272.3508,0.0007,0.0001,0.0001
7278.8000,0.0003,0.0000,0.0000
7279.3841,0.0065,0.0000,0.0000
7287.4188,0.0000,0.0000,0.0000
7287.4308,0.0000,0.0000,0.0000
7288.0387,0.0000,0.0000,0.0000
7288.2175,0.0005,0.0001,0.0001
7288.2295,0.0005,0.0001,0.0001
7289.6004,0.0010,0.0000,0.0000
7289.6838,0.0001,0.0000,0.0000
7290.1249,0.0006,0.0001,0.0001
7290.1368,0.0005,0.0001,0.0001
7290.4825,0.0119,0.0023,0.0022
7291.9011,0.0011,0.0001,0.0001
7293.8681,0.0000,0.0000,0.0000
7303.8817,0.0001,0.0000,0.0000
7309.5799,0.0003,0.0000,0.0001
7317.6980,0.0001,0.0000,0.0000
7317.8410,0.0001,0.0000,0.0000
7317.8887,0.0002,0.0000,0.0000
7317.9364,0.0002,0.0000,0.0000
7317.9841,0.0003,0.0000,0.0000
7318.1391,0.0783,0.0148,0.0149
7318.2941,0.0003,0.0000,0.0000
7318.3298,0.0002,0.0000,0.0000
7318.4252,0.0001,0.0000,0.0000
7318.5682,0.0001,0.0000,0.0000
7318.5801,0.0001,0.0000,0.0000
7318.7232,0.0001,0.0000,0.0000
7318.7351,0.0000,0.0000,0.0000
7319.2120,0.0000,0.0000,0.0000
7319.4146,0.0000,0.0000,0.0000
7324.6360,0.0000,0.0000,0.0000
7325.4347,0.0004,0.0000,0.0001
7326.2930,0.0042,0.0006,0.0006
7347.0950,0.0004,0.0001,0.0001
7347.1785,0.0003,0.0001,0.0001
7347.4169,0.0008,0.0002,0.0002
7347.4288,0.0008,0.0002,0.0002
7357.0371,0.0000,0.0000,0.0000
7365.6082,0.0003,0.0000,0.0000
7365.7274,0.0002,0.0000,0.0000
7366.3473,0.0000,0.0000,0.0000
7368.7434,0.0009,0.0002,0.0002
7377.2550,0.0000,0.0000,0.0000
7377.7795,0.0043,0.0007,0.0007
7404.0413,0.0000,0.0000,0.0002
7404.3393,0.0000,0.0000,0.0000
7405.2453,0.0001,0.0000,0.0000
7405.3645,0.0119,0.0007,0.0007
7405.3764,0.0117,0.0007,0.0007
7405.5791,0.0001,0.0000,0.0000
7405.6268,0.0001,0.0000,0.0000
7405.6864,0.0001,0.0000,0.0000
7405.7341,0.0002,0.0000,0.0000
7405.8175,0.0002,0.0000,0.0000
7405.8652,0.0003,0.0000,0.0000
7405.9129,0.0005,0.0001,0.0001
7406.0679,0.1335,0.0260,0.0241
7406.0798,0.1278,0.0265,0.0245
7406.2228,0.0005,0.0001,0.0001
7406.2347,0.0003,0.0001,0.0001
7406.3063,0.0002,0.0000,0.0000
7406.3539,0.0002,0.0000,0.0000
7406.4016,0.0002,0.0000,0.0000
7406.4493,0.0001,0.0000,0.0000
7406.5566,0.0001,0.0000,0.0000
7406.6520,0.0001,0.0000,0.0000
7406.6997,0.0001,0.0000,0.0000
7407.7129,0.0114,0.0008,0.0008
7414.4363,0.0018,0.0002,0.0002
7415.3185,0.0000,0.0000,0.0000
7436.0132,0.0002,0.0001,0.0001
7436.1682,0.0000,0.0000,0.0000
7436.2874,0.0002,0.0000,0.0000
7451.2243,0.0001,0.0000,0.0000
7454.2046,0.0001,0.0000,0.0000
7482.2783,0.0085,0.0042,0.0036
7494.3185,0.0000,0.0000,0.0000
7496.3093,0.0001,0.0000,0.0000
7496.4047,0.0002,0.0000,0.0000
7496.4404,0.0003,0.0000,0.0000
7496.5596,0.0549,0.0079,0.0072
7496.7146,0.0002,0.0000,0.0000
7496.7265,0.0001,0.0000,0.0000
7496.9411,0.0001,0.0000,0.0000
7496.9888,0.0000,0.0000,0.0000
7497.0365,0.0000,0.0000,0.0000
7595.0742,0.0007,0.0003,0.0003
7640.9221,0.0000,0.0000,0.0000
7645.5832,0.0037,0.0027,0.0023
7659.8883,0.0007,0.0002,0.0001
7734.2033,0.0007,0.0000,0.0000
7753.7894,0.0000,0.0000,0.0000
7755.5060,0.0001,0.0000,0.0000
7770.9913,0.0013,0.0001,0.0001
7826.3760,0.0001,0.0000,0.0000
7866.2157,0.0001,0.0000,0.0000
7866.2276,0.0001,0.0000,0.0000
7870.0185,0.0003,0.0000,0.0000
7882.5235,0.0001,0.0000,0.0000
7885.5395,0.0006,0.0000,0.0000
7886.1237,0.0006,0.0000,0.0000
7886.1356,0.0005,0.0000,0.0000
7888.7105,0.0003,0.0001,0.0001
7934.1650,0.0000,0.0000,0.0000
7934.1888,0.0000,0.0000,0.0000
7945.2515,0.0000,0.0000,0.0000
7948.3271,0.0003,0.0001,0.0000
7949.2211,0.0004,0.0000,0.0000
7949.2569,0.0005,0.0000,0.0000
7950.1748,0.0004,0.0000,0.0000
7950.1867,0.0004,0.0000,0.0000
7959.8308,0.0002,0.0000,0.0000
7970.6788,0.0009,0.0001,0.0002
7972.8842,0.0001,0.0000,0.0000
