3125.15497000	0.00007578	0.00007703	0.00006624
4233.19340000	0.00060660	0.00065373	0.00048382
4174.07751000	0.00004031	0.00004039	0.00004286
4662.97865000	0.00022220	0.00020146	0.00019257
6498.16990000	0.00007763	0.00007740	0.00011419
4248.79789000	0.00006611	0.00006275	0.00005692
4473.18554000	0.00099559	0.00096732	0.00088871
6396.32940000	0.00006329	0.00006666	0.00006829
3124.84503000	0.00007603	0.00008301	0.00006985
4375.00477000	0.00007253	0.00006977	0.00010622
5413.00774000	0.00007537	0.00008281	0.00007204
6090.10458000	0.00024870	0.00026408	0.00031712
6351.26829000	0.00005437	0.00005150	0.00007413
3688.03740000	0.00009434	0.00010335	0.00009312
4412.36496000	0.00004434	0.00004696	0.00005077
6521.77334000	0.00016607	0.00017145	0.00017479
3688.01355000	0.00010174	0.00009745	0.00008506
6498.18182000	0.00007687	0.00008245	0.00012211
6353.91474000	0.00023969	0.00026025	0.00033428
4449.33176000	0.00005432	0.00005579	0.00004642
5581.92730000	0.00013130	0.00012054	0.00006699
6396.55590000	0.00011358	0.00010753	0.00009992
7812.50000000	0.00266071	0.00249943	0.00209473
6396.80624000	0.00008633	0.00008107	0.00008815
4928.17163000	0.00015236	0.00016088	0.00016978
3241.94431000	0.00006821	0.00006978	0.00006399
7499.99285000	0.00024059	0.00022194	0.00025375
6351.28021000	0.00005104	0.00005138	0.00007477
6236.29093000	0.00008456	0.00008864	0.00000000
3124.76158000	0.00004031	0.00004233	0.00000000
7834.99479000	0.00005347	0.00005060	0.00000000
6498.53945000	0.00005770	0.00005708	0.00000000
4140.87772000	0.00004304	0.00004370	0.00000000
7093.82296000	0.00005703	0.00005502	0.00000000
3703.60613000	0.00004031	0.00004198	0.00000000
3125.23842000	0.00004234	0.00004533	0.00000000
6238.88969000	0.00010597	0.00010001	0.00000000
7170.66526000	0.00007693	0.00006992	0.00000000
5837.33320000	0.00002216	0.00009511	0.00000000
5116.29581000	0.00002302	0.00005779	0.00000000
7948.41051000	0.00004344	0.00018988	0.00000000
3703.46308000	0.00002921	0.00013647	0.00000000
4618.77584000	0.00007645	0.00008663	0.00000000
7579.23126000	0.00002012	0.00035917	0.00000000
7368.64805000	0.00003179	0.00015110	0.00000000
7127.34461000	0.00010140	0.00012789	0.00000000
7511.41310000	0.00004866	0.00007980	0.00000000
6577.76594000	0.00014163	0.00035120	0.00000000
3906.70300000	0.00002586	0.00114496	0.00000000
6577.83747000	0.00005702	0.00142593	0.00000000
6621.78993000	0.00002921	0.00006585	0.00000000
7409.70373000	0.00002873	0.00004281	0.00000000
6996.77467000	0.00002315	0.00025399	0.00000000
6104.25472000	0.00003135	0.00025061	0.00000000
4612.88691000	0.00002560	0.00007468	0.00000000
7415.48538000	0.00002613	0.00006954	0.00000000
3971.89856000	0.00004290	0.00035673	0.00000000
6720.82901000	0.00011539	0.00015932	0.00000000
6080.72281000	0.00003536	0.00006224	0.00000000
7202.06499000	0.00002435	0.00005031	0.00000000
5443.09616000	0.00003217	0.00021952	0.00000000
7235.67009000	0.00003028	0.00006466	0.00000000
7303.92933000	0.00003675	0.00006775	0.00000000
6877.05278000	0.00003444	0.00106248	0.00000000
7972.82457000	0.00003136	0.00004488	0.00000000
5899.89424000	0.00002112	0.00008455	0.00000000
6018.40019000	0.00007797	0.00033890	0.00000000
7206.95257000	0.00002121	0.00005288	0.00000000
7454.13303000	0.00003639	0.00020801	0.00000000
6393.01538000	0.00003647	0.00008493	0.00000000
7355.36814000	0.00007317	0.00021780	0.00000000
7959.43737000	0.00002395	0.00050742	0.00000000
7018.69726000	0.00002190	0.00007850	0.00000000
5367.43402000	0.00007253	0.00015864	0.00000000
7054.86536000	0.00005652	0.00006852	0.00000000
6089.71119000	0.00010969	0.00013908	0.00000000
5378.12710000	0.00013479	0.00029328	0.00000000
6564.89134000	0.00002680	0.00016840	0.00000000
5088.01937000	0.00009950	0.00030751	0.00000000
5385.69689000	0.00013132	0.00030157	0.00000000
7190.07254000	0.00003711	0.00005148	0.00000000
7949.12577000	0.00003226	0.00004961	0.00000000
3668.06984000	0.00002153	0.00009221	0.00000000
5926.17989000	0.00003087	0.00013106	0.00000000
7489.34746000	0.00003524	0.00004373	0.00000000
6806.37360000	0.00003372	0.00009336	0.00000000
7282.97234000	0.00003384	0.00004564	0.00000000
7949.05424000	0.00002109	0.00018960	0.00000000
6290.35234000	0.00004957	0.00006400	0.00000000
4285.53820000	0.00003531	0.00037419	0.00000000
6080.73473000	0.00003383	0.00006348	0.00000000
5449.71228000	0.00002105	0.00005113	0.00000000
7292.09185000	0.00002637	0.00019104	0.00000000
7841.46786000	0.00002096	0.00004449	0.00000000
6706.11858000	0.00003576	0.00010043	0.00000000
5440.59277000	0.00004511	0.00014853	0.00000000
4909.26504000	0.00002850	0.00027176	0.00000000
2761.99579000	0.00002016	0.00021964	0.00000000
6557.27386000	0.00004662	0.00006869	0.00000000
5783.59365000	0.00004432	0.00030086	0.00000000
6362.99849000	0.00008085	0.00012291	0.00000000
3750.00238000	0.00003695	0.00010992	0.00000000
6351.10140000	0.00002179	0.00005415	0.00000000
6704.62847000	0.00007340	0.00024317	0.00000000
5370.83149000	0.00009656	0.00033622	0.00000000
6730.25846000	0.00003807	0.00012167	0.00000000
7313.95483000	0.00002457	0.00016807	0.00000000
5818.53390000	0.00006761	0.00025934	0.00000000
7498.47889000	0.00002066	0.00042892	0.00000000
6154.00076000	0.00003700	0.00004693	0.00000000
5389.35661000	0.00002091	0.00052800	0.00000000
5814.09931000	0.00003545	0.00028301	0.00000000
5094.96927000	0.00003290	0.00013134	0.00000000
6896.06667000	0.00002246	0.00031524	0.00000000
6761.18135000	0.00004375	0.00008055	0.00000000
4126.58453000	0.00002265	0.00130282	0.00000000
4001.46246000	0.00002220	0.00022766	0.00000000
3646.21878000	0.00004913	0.00028130	0.00000000
7319.25964000	0.00003412	0.00004379	0.00000000
6720.14952000	0.00002499	0.00012860	0.00000000
7604.75397000	0.00003209	0.00007397	0.00000000
7404.24395000	0.00007503	0.00014239	0.00000000
7334.74493000	0.00013135	0.00016827	0.00000000
5679.40474000	0.00002964	0.00005683	0.00000000
6577.90899000	0.00012582	0.00031734	0.00000000
5826.83086000	0.00002891	0.00037145	0.00000000
7713.12714000	0.00002535	0.00035213	0.00000000
6459.62954000	0.00003143	0.00007014	0.00000000
7265.72275000	0.00002286	0.00008028	0.00000000
4536.52143000	0.00004148	0.00030539	0.00000000
5899.94192000	0.00002935	0.00005345	0.00000000
4176.93853000	0.00005352	0.00038418	0.00000000
5253.20768000	0.00004197	0.00010431	0.00000000
3151.05915000	0.00004402	0.00016582	0.00000000
3703.36771000	0.00002718	0.00004731	0.00000000
3190.58895000	0.00015109	0.00019220	0.00000000
7511.42502000	0.00005179	0.00007610	0.00000000
6726.67027000	0.00003572	0.00004086	0.00000000
7753.83711000	0.00002556	0.00004481	0.00000000
6517.13610000	0.00004600	0.00017593	0.00000000
5292.61827000	0.00003149	0.00009908	0.00000000
6860.06546000	0.00008893	0.00011019	0.00000000
4674.80421000	0.00002334	0.00032774	0.00000000
2846.08603000	0.00002728	0.00020091	0.00000000
3166.87822000	0.00003421	0.00023097	0.00000000
7948.26746000	0.00008105	0.00018064	0.00000000
7014.82296000	0.00002400	0.00020030	0.00000000
4618.75200000	0.00006789	0.00010015	0.00000000
7959.41353000	0.00002250	0.00056224	0.00000000
7355.39198000	0.00005817	0.00024049	0.00000000
7642.45987000	0.00002006	0.00006071	0.00000000
5872.92910000	0.00002720	0.00005708	0.00000000
6720.78133000	0.00006660	0.00018203	0.00000000
7373.54755000	0.00003222	0.00005363	0.00000000
3791.57066000	0.00002839	0.00020321	0.00000000
3906.72684000	0.00002101	0.00140432	0.00000000
3703.55844000	0.00003974	0.00005378	0.00000000
5640.30409000	0.00005275	0.00024396	0.00000000
7335.51979000	0.00007332	0.00008593	0.00000000
6405.30586000	0.00007237	0.00012064	0.00000000
6393.03923000	0.00004108	0.00007263	0.00000000
6588.76896000	0.00005621	0.00015137	0.00000000
7054.87728000	0.00005376	0.00007252	0.00000000
2846.07410000	0.00002815	0.00019931	0.00000000
5936.36036000	0.00006355	0.00022480	0.00000000
6340.45601000	0.00002601	0.00005281	0.00000000
3151.02339000	0.00005919	0.00011420	0.00000000
6564.92710000	0.00002078	0.00021047	0.00000000
3564.63194000	0.00013281	0.00016762	0.00000000
3190.54127000	0.00009872	0.00032396	0.00000000
4611.64713000	0.00002040	0.00016022	0.00000000
7240.15236000	0.00002832	0.00006358	0.00000000
6364.25018000	0.00004061	0.00005448	0.00000000
3703.47500000	0.00002005	0.00013745	0.00000000
6429.92258000	0.00002345	0.00008676	0.00000000
6753.46851000	0.00002543	0.00004973	0.00000000
7489.32362000	0.00003068	0.00004851	0.00000000
7205.58167000	0.00003261	0.00005821	0.00000000
6765.27023000	0.00005723	0.00015880	0.00000000
5854.96426000	0.00002517	0.00004214	0.00000000
5370.81957000	0.00009945	0.00031616	0.00000000
6777.25077000	0.00003406	0.00044437	0.00000000
6557.29771000	0.00004426	0.00008124	0.00000000
5156.60048000	0.00003841	0.00005873	0.00000000
6370.97359000	0.00008503	0.00015218	0.00000000
3855.52645000	0.00005613	0.00011048	0.00000000
6569.64779000	0.00002022	0.00009773	0.00000000
5581.86769000	0.00007348	0.00022282	0.00000000
4796.70763000	0.00002885	0.00004643	0.00000000
7493.59131000	0.00002631	0.00099517	0.00000000
6895.49446000	0.00004961	0.00022696	0.00000000
6806.39744000	0.00003514	0.00008154	0.00000000
4887.93850000	0.00003214	0.00006481	0.00000000
5445.12272000	0.00006347	0.00018548	0.00000000
5926.14412000	0.00004104	0.00009195	0.00000000
5096.45939000	0.00002515	0.00017711	0.00000000
7190.08446000	0.00003702	0.00005320	0.00000000
4909.27696000	0.00002838	0.00028215	0.00000000
6720.19720000	0.00002957	0.00015797	0.00000000
6806.30207000	0.00002184	0.00004157	0.00000000
6719.75613000	0.00002180	0.00004477	0.00000000
4132.37810000	0.00002181	0.00014454	0.00000000
6722.83173000	0.00002947	0.00013169	0.00000000
7498.39544000	0.00002163	0.00009448	0.00000000
4536.53336000	0.00004087	0.00031819	0.00000000
5389.40430000	0.00003607	0.00030323	0.00000000
7284.96313000	0.00002757	0.00014232	0.00000000
6786.76367000	0.00004895	0.00007455	0.00000000
3693.31837000	0.00008781	0.00052962	0.00000000
2913.32006000	0.00005795	0.00101360	0.00000000
7535.40993000	0.00003067	0.00007206	0.00000000
6228.57809000	0.00002173	0.00008097	0.00000000
7292.06800000	0.00003583	0.00016594	0.00000000
2913.34391000	0.00007174	0.00082992	0.00000000
7640.19489000	0.00002022	0.00004020	0.00000000
4126.53685000	0.00004453	0.00070484	0.00000000
7579.21934000	0.00002183	0.00034129	0.00000000
5321.20466000	0.00004237	0.00006058	0.00000000
6498.49176000	0.00003200	0.00011559	0.00000000
6607.97358000	0.00005854	0.00015074	0.00000000
6393.81409000	0.00008863	0.00016802	0.00000000
6753.48043000	0.00002483	0.00005098	0.00000000
5795.78876000	0.00002383	0.00033486	0.00000000
7354.77209000	0.00019174	0.00433351	0.00008415
5890.54823000	0.00008440	0.00010165	0.00008127
5969.57207000	0.00006447	0.00007991	0.00005703
6720.73364000	0.00009463	0.00030102	0.00007842
4062.49762000	0.00016604	0.00018377	0.00011200
4516.22009000	0.00007660	0.00042991	0.00004070
3124.79734000	0.00004492	0.00005521	0.00004235
5581.91538000	0.00013576	0.00014998	0.00006593
3125.11921000	0.00012060	0.00014562	0.00011731
3125.00000000	0.01913066	0.02195617	0.01793980
2812.50477000	0.00071790	0.00089610	0.00070271
2187.50238000	0.00028244	0.00046969	0.00006541
4516.23201000	0.00007559	0.00044084	0.00004200
3124.88079000	0.00011898	0.00014286	0.00011764
3614.56871000	0.00002351	0.00015413	0.00012495
6280.62487000	0.00002554	0.00004820	0.00008722
5646.33608000	0.00002066	0.00008687	0.00007237
5711.65085000	0.00002489	0.00006737	0.00005170
6755.39970000	0.00019810	0.00047341	0.00034705
5893.27812000	0.00003704	0.00012405	0.00009060
6722.04494000	0.00157286	0.23537701	0.01134403
7899.66583000	0.00002295	0.00006785	0.00005361
6395.76912000	0.00007719	0.00010551	0.00010949
7624.73345000	0.00003082	0.00007057	0.00006697
7224.24984000	0.00010828	0.00020007	0.00015114
6095.44516000	0.00004875	0.00007772	0.00011225
6753.84998000	0.00002717	0.00010489	0.00004385
6095.71934000	0.00005827	0.00010682	0.00013208
4336.54785000	0.00004557	0.00006147	0.00005318
3125.20266000	0.00004511	0.00005723	0.00004589
6720.49522000	0.00061335	0.09334914	0.00474418
6344.11573000	0.00081938	0.00099934	0.00163163
3066.83779000	0.00003157	0.00005467	0.00004557
6753.73077000	0.00002836	0.00013146	0.00009958
7227.25391000	0.00031365	0.00086019	0.00065378
7354.86746000	0.00004440	0.05604396	0.00095310
6718.81437000	0.00005962	0.00023928	0.00018398
2754.03261000	0.00002284	0.00080355	0.00004202
7963.27591000	0.00002682	0.00009136	0.00007905
6465.51847000	0.00007724	0.00021990	0.00018769
4412.65106000	0.00010778	0.00065806	0.00054250
7682.94334000	0.00018862	0.00047137	0.00033252
4735.99434000	0.00002449	0.00015999	0.00013539
6396.10291000	0.00021251	0.00025146	0.00026019
6848.23990000	0.00096639	0.00232978	0.00188006
7347.66722000	0.00022433	0.00040962	0.00034927
4905.74837000	0.00005278	0.00006290	0.00005890
6756.98519000	0.00002813	0.00006790	0.00006370
6842.35096000	0.00004250	0.00010418	0.00011643
5972.89801000	0.00004101	0.00010118	0.00011057
6578.24278000	0.00019552	0.00060883	0.00057706
7041.13245000	0.00012375	0.00030023	0.00026992
6309.64041000	0.00005034	0.00006139	0.00011161
7224.94125000	0.00050597	0.00144634	0.00109664
6699.58591000	0.00009096	0.00036628	0.00029617
6866.58621000	0.00005393	0.00012672	0.00010268
6663.26284000	0.00002174	0.00006668	0.00005325
2999.41301000	0.00013589	0.00016484	0.00014544
6754.37450000	0.00018638	0.00041529	0.00030653
7224.58363000	0.00041760	0.00117109	0.00089460
4971.06314000	0.00003048	0.00140255	0.00008174
5875.53978000	0.00003049	0.00006414	0.00004364
7019.78207000	0.00002068	0.00004241	0.00004842
7224.72668000	0.00142684	0.00433225	0.00327070
6754.68445000	0.00019128	0.00037860	0.00028990
5969.89393000	0.00004045	0.00004997	0.00005293
3938.62724000	0.00042084	0.00064117	0.00056735
7209.24139000	0.00002881	0.00012777	0.00011499
7870.39995000	0.00002318	0.00007199	0.00007770
7033.84876000	0.00008421	0.00019097	0.00016225
6610.56042000	0.00005859	0.00021033	0.00018033
7035.29119000	0.00029976	0.00058781	0.00047318
4845.52383000	0.00002020	0.00005909	0.00004859
6463.70649000	0.00002661	0.00021187	0.00010307
7225.09623000	0.00052197	0.00134673	0.00102010
7034.12294000	0.00061304	0.00126796	0.00102332
7381.66571000	0.00004316	0.00010424	0.00008369
7035.55346000	0.00012796	0.00024485	0.00020353
6077.76642000	0.00119263	0.00219342	0.00276338
7899.17707000	0.00003361	0.00006288	0.00004419
6691.18166000	0.00019824	0.00068687	0.00053977
7033.74147000	0.00003402	0.00006508	0.00006309
2935.96983000	0.00003582	0.00012814	0.00010225
7206.77376000	0.00002547	0.00005552	0.00004795
7018.48269000	0.00003844	0.00072546	0.00019728
5323.88687000	0.00009305	0.00048309	0.00044006
7223.64187000	0.00050507	0.00139830	0.00104869
7005.39351000	0.00004631	0.00008406	0.00008458
5276.58463000	0.00007058	0.00039789	0.00034195
5733.65688000	0.00022867	0.00026218	0.00023412
6754.83942000	0.00050531	0.00101271	0.00076042
6354.09355000	0.00019033	0.00027036	0.00028174
3187.65640000	0.00003535	0.00021612	0.00015630
5983.74605000	0.00006074	0.00008375	0.00008234
5979.38299000	0.00006733	0.00010906	0.00014204
3668.08176000	0.00002091	0.00013616	0.00004007
5492.44881000	0.00003839	0.00014037	0.00012110
6926.16701000	0.00004823	0.00015143	0.00013234
7020.31851000	0.00002239	0.00008776	0.00006412
6402.83823000	0.00013016	0.00040121	0.00046238
7225.26312000	0.00124071	0.00356147	0.00307364
4451.62058000	0.00329844	0.01689902	0.01436000
6754.98247000	0.00010873	0.00029497	0.00022233
7224.15447000	0.00031712	0.00097575	0.00073407
7248.31820000	0.00008728	0.00012139	0.00012285
6685.32848000	0.00008439	0.00923605	0.00046270
6558.20370000	0.00003851	0.00009802	0.00008758
3005.00393000	0.00003459	0.00017919	0.00015376
4793.13135000	0.00002243	0.00023532	0.00019696
7893.44311000	0.00004348	0.00009025	0.00007423
3365.42130000	0.00003158	0.00013901	0.00040615
7033.97989000	0.00089467	0.00173027	0.00139709
6541.14485000	0.00002103	0.00004690	0.00004146
4714.03599000	0.00002120	0.00029370	0.00012655
3102.33831000	0.00039423	0.00135190	0.00116631
3712.28456000	0.00014892	0.00089001	0.00076258
6753.65925000	0.00004251	0.00008622	0.00006129
6445.71781000	0.00038482	0.00102715	0.00081674
7035.79187000	0.00009421	0.00019660	0.00016227
7032.82356000	0.00014906	0.00032421	0.00025858
4351.23444000	0.00002249	0.00007117	0.00005274
5145.07294000	0.00003679	0.00006109	0.00005147
4859.91240000	0.00002157	0.00012015	0.00009541
3199.57733000	0.00003175	0.00014645	0.00013335
3118.97993000	0.00003445	0.00013738	0.00011423
7034.51633000	0.00020192	0.00043511	0.00035252
7033.39577000	0.00052015	0.00120572	0.00098363
6737.11300000	0.00015562	0.00021806	0.00019409
7422.98365000	0.00002148	0.00036471	0.00012497
5893.26620000	0.00003839	0.00012110	0.00008902
7225.76380000	0.00084175	0.00222672	0.00167953
6465.53040000	0.00007838	0.00021473	0.00019351
6445.72973000	0.00037247	0.00104918	0.00083564
4451.50137000	0.00002401	0.00009942	0.00008466
5752.64692000	0.00002349	0.00005261	0.00004088
7354.91514000	0.00006657	0.02708829	0.00047504
6755.69773000	0.00017238	0.00038830	0.00029065
5588.67455000	0.00002572	0.00019770	0.00016293
7034.95741000	0.00038434	0.00088084	0.00071222
3938.61532000	0.00042901	0.00063682	0.00056427
3706.24065000	0.00002533	0.00011384	0.00009816
5981.26650000	0.00106861	0.00300959	0.00326297
6280.64871000	0.00002235	0.00004876	0.00009627
3738.90400000	0.00002561	0.00009768	0.00009406
7227.39697000	0.00014388	0.00041003	0.00029825
7207.58438000	0.00002745	0.00009044	0.00007538
6753.89767000	0.00002841	0.00008261	0.00004552
7963.26399000	0.00002688	0.00008562	0.00007265
7226.21679000	0.00032915	0.00095561	0.00073574
5432.10506000	0.00003217	0.00010931	0.00008573
6926.17893000	0.00004735	0.00016107	0.00013866
6866.57429000	0.00005503	0.00012358	0.00009816
7208.21619000	0.00002854	0.00008777	0.00006725
6375.15783000	0.00027221	0.00069508	0.00076960
4736.14931000	0.00803651	0.04434010	0.03755656
6974.36333000	0.00020587	0.00042860	0.00037261
7224.57170000	0.00043732	0.00115035	0.00087698
4911.93533000	0.00004911	0.00007658	0.00006132
6756.19841000	0.00003437	0.00007608	0.00005934
2499.99762000	0.00011315	0.00026196	0.00030782
7041.12053000	0.00013007	0.00028558	0.00026792
7226.37177000	0.00073940	0.00215821	0.00164120
6300.24672000	0.00011215	0.00090637	0.00013990
4971.07506000	0.00002769	0.00137609	0.00008261
4736.03010000	0.00004175	0.00029860	0.00025549
6396.16251000	0.00022885	0.00026916	0.00027320
7033.57458000	0.00033937	0.00070378	0.00056828
7034.75475000	0.00013705	0.00031222	0.00025927
5969.50054000	0.00004272	0.00005752	0.00005578
7035.47001000	0.00007141	0.00015078	0.00012650
5177.92702000	0.00012262	0.00025631	0.00023665
7206.57110000	0.00006097	0.00016457	0.00013621
6754.38643000	0.00018029	0.00042519	0.00031429
5710.38723000	0.00039204	0.00202131	0.00163549
3014.60028000	0.00010599	0.00042668	0.00035870
6288.25426000	0.00012299	0.00014975	0.00031956
6756.34146000	0.00004052	0.00006792	0.00006446
7381.67763000	0.00004263	0.00011004	0.00009054
6565.21320000	0.00007837	0.00024473	0.00023099
4587.45956000	0.00005823	0.00018798	0.00016094
6754.67253000	0.00019195	0.00035970	0.00027367
7206.78568000	0.00002579	0.00005513	0.00004742
6445.41979000	0.00040514	0.00131855	0.00104080
4027.10438000	0.00028289	0.00038335	0.00034770
6754.54140000	0.00006920	0.00013558	0.00009695
5276.57270000	0.00007076	0.00038080	0.00032878
6395.44725000	0.00002641	0.00014060	0.00054761
7223.48690000	0.00023995	0.00069155	0.00052315
4351.17483000	0.00002118	0.00007406	0.00005470
4736.30428000	0.00002434	0.00013500	0.00011293
7404.13666000	0.00003131	0.00006735	0.00021216
6757.90310000	0.00076778	0.00268016	0.00222914
5672.60981000	0.00018106	0.00053689	0.00049311
6938.51709000	0.00004418	0.00011317	0.00010047
6349.95699000	0.00021273	0.00029466	0.00045953
4451.63250000	0.00318960	0.01691185	0.01434533
5871.89198000	0.00003239	0.00011007	0.00006872
4475.53396000	0.00033435	0.00043649	0.00041747
6125.36669000	0.00004715	0.00013960	0.00019392
6661.05747000	0.00002303	0.00008756	0.00006874
4692.48295000	0.00002471	0.00017491	0.00019978
6158.95987000	0.00309592	0.00444174	0.00589590
5837.19015000	0.00006574	0.00020261	0.00015190
6685.31656000	0.00008689	0.00883535	0.00044141
4351.22252000	0.00002259	0.00007102	0.00005219
5912.95958000	0.00003396	0.00014538	0.00013856
7488.08384000	0.00002243	0.00005382	0.00012790
7036.22103000	0.00011204	0.00022499	0.00017973
7227.12278000	0.00026740	0.00074728	0.00056724
7032.74012000	0.00010893	0.00022382	0.00017776
7223.74916000	0.00051708	0.00141994	0.00106048
4793.11943000	0.00002249	0.00022368	0.00018871
6753.71885000	0.00003258	0.00013259	0.00009795
3585.61277000	0.00005320	0.00169206	0.00009424
7032.95469000	0.00009212	0.00019209	0.00016912
7224.17831000	0.00026142	0.00110354	0.00083119
6683.76684000	0.00003939	0.00418790	0.00021252
7020.50924000	0.00002527	0.00006734	0.00005710
5820.39356000	0.00029472	0.00117606	0.00085549
6756.97327000	0.00002810	0.00006559	0.00006517
7979.61950000	0.00009393	0.00029181	0.00023530
4716.74204000	0.00003338	0.00018289	0.00016263
4696.94138000	0.00040767	0.00256330	0.00219464
7548.86866000	0.00010812	0.00030450	0.00021905
4714.02407000	0.00002048	0.00030763	0.00013608
